,iso_code,date,continent,location,total_cases,new_cases,new_cases_smoothed,total_deaths,new_deaths,new_deaths_smoothed,total_cases_per_million,new_cases_per_million,new_cases_smoothed_per_million,total_deaths_per_million,new_deaths_per_million,new_deaths_smoothed_per_million,reproduction_rate,icu_patients,icu_patients_per_million,hosp_patients,hosp_patients_per_million,weekly_icu_admissions,weekly_icu_admissions_per_million,weekly_hosp_admissions,weekly_hosp_admissions_per_million,new_tests,total_tests,total_tests_per_thousand,new_tests_per_thousand,new_tests_smoothed,new_tests_smoothed_per_thousand,positive_rate,tests_per_case,tests_units,total_vaccinations,people_vaccinated,people_fully_vaccinated,total_boosters,new_vaccinations,new_vaccinations_smoothed,total_vaccinations_per_hundred,people_vaccinated_per_hundred,people_fully_vaccinated_per_hundred,total_boosters_per_hundred,new_vaccinations_smoothed_per_million,new_people_vaccinated_smoothed,new_people_vaccinated_smoothed_per_hundred,stringency_index,population,population_density,median_age,aged_65_older,aged_70_older,gdp_per_capita,extreme_poverty,cardiovasc_death_rate,diabetes_prevalence,female_smokers,male_smokers,handwashing_facilities,hospital_beds_per_thousand,life_expectancy,human_development_index,excess_mortality_cumulative_absolute,excess_mortality_cumulative,excess_mortality,excess_mortality_cumulative_per_million,daily_people_vaccinated,daily_people_vaccinated_per_hundred,daily_vaccinations,daily_vaccinations_per_million,daily_vaccinations_raw,Beta,Epsilon,Gamma,Kappa,Iota,Eta,Delta,Alpha,non_who,Lambda,Year,Mu
240,ABW,2021-11-20,North America,Aruba,,,,,,,,,,,,,,,,,,,,,,,,,,,,,,,161113.0,83424.0,77689.0,,1.0,74.0,150.3,77.82,72.47,,690.0,32.0,0.03,,107195.0,584.8,41.2,13.085,7.452,35973.781,,,11.62,,,,,76.29,,,,,,32.0,0.03,74.0,690.0,1.0,,,,,,,,,,,,
876,AFG,2021-11-20,Asia,Afghanistan,156864.0,52.0,50.571,7363.0,2.0,10.143,3937.801,1.305,1.27,184.835,0.05,0.255,,,,,,,,,,,,,,,,,,,,,,,,,,,,,,,,,39835428.0,54.422,18.6,2.581,1.337,1803.987,,597.029,9.59,,,37.746,0.5,64.83,0.511,,,,,,,,,,,,,,,,,,,,,
1487,AGO,2021-11-20,Africa,Angola,65011.0,14.0,16.0,1730.0,1.0,0.429,1915.829,0.413,0.472,50.982,0.029,0.013,,,,,,,,,,,,,,,,,,,,,,,,,,,,,,,,,33933611.0,23.89,16.8,2.405,1.362,5819.495,,276.045,3.94,,,26.664,,61.15,0.581,,,,,,,,,,,,,,,,,,,,,
1776,AIA,2021-11-19,North America,Anguilla,,,,,,,,,,,,,,,,,,,,,,,,,,,,,,,19066.0,9906.0,9160.0,,,41.0,126.06,65.49,60.56,,2711.0,40.0,0.264,,15125.0,,,,,,,,,,,,,81.88,,,,,,40.0,0.264,41.0,2711.0,,,,,,,,,,,,,
2411,ALB,2021-11-20,Europe,Albania,195988.0,465.0,484.0,3035.0,6.0,7.0,68218.762,161.855,168.469,1056.411,2.088,2.437,,,,,,,,,,,,,,,,,,,,,,,,,,,,,,,,,2872934.0,104.871,38.0,13.188,8.643,11803.431,1.1,304.195,10.08,7.1,51.2,,2.89,78.57,0.795,,,,,,,,,,,,,,,,,,,,,
3040,AND,2021-11-20,Europe,Andorra,16086.0,0.0,38.143,130.0,0.0,0.0,207953.047,0.0,493.095,1680.585,0.0,0.0,,,,,,,,,,,,,,,,,,,,,,,,,,,,,,,,,77354.0,163.755,,,,,,109.135,7.97,29.0,37.8,,,83.73,0.868,,,,,,,,,,,,,,,,,,,,,
3702,ARE,2021-11-20,Asia,United Arab Emirates,741370.0,79.0,70.143,2144.0,0.0,0.143,74203.167,7.907,7.021,214.591,0.0,0.014,,,,,,,,,,,,,,,,,,,,,,,,,,,,,,,,,9991083.0,112.442,34.0,1.144,0.526,67293.483,,317.84,17.26,1.2,37.4,,1.2,77.97,0.89,,,,,,,,,,,,,,,,,,,,,
4392,ARG,2021-11-20,South America,Argentina,5314702.0,1095.0,1364.429,116374.0,14.0,20.857,116535.601,24.01,29.918,2551.736,0.307,0.457,,,,,,,,,,,,,,,,,,,65879184.0,36105691.0,28379784.0,1263315.0,214081.0,440583.0,144.45,79.17,62.23,2.77,9661.0,55612.0,0.122,,45605823.0,16.177,31.9,11.198,7.441,18933.907,0.6,191.032,5.5,16.2,27.7,,5.0,76.67,0.845,,,,,55612.0,0.122,440583.0,9661.0,214081.0,,,,,,,,,,,,
5022,ARM,2021-11-20,Asia,Armenia,333583.0,870.0,786.0,7253.0,41.0,39.571,112388.347,293.114,264.813,2443.628,13.813,13.332,,,,,,,,,,,,,,,,,,,,,,,,,,,,,,,,,2968128.0,102.931,35.7,11.232,7.571,8787.58,1.8,341.01,7.11,1.5,52.1,94.043,4.2,75.09,0.776,,,,,,,,,,,,,,,,,,,,,
5640,ATG,2021-11-20,North America,Antigua and Barbuda,4135.0,4.0,2.429,108.0,0.0,0.143,41882.749,40.515,24.599,1093.915,0.0,1.447,,,,,,,,,,,,,,,,,,,,,,,,,,,,,,,,,98728.0,231.845,32.1,6.933,4.631,21490.943,,191.511,13.17,,,,3.8,77.02,0.778,,,,,,,,,,,,,,,,,,,,,
6305,AUS,2021-11-20,Oceania,Australia,198442.0,1465.0,1262.0,1944.0,6.0,8.857,7695.065,56.809,48.937,75.383,0.233,0.343,,,,,,,,,,,,,,,,,,,38420798.0,19779653.0,18309411.0,331734.0,72034.0,112339.0,148.99,76.7,71.0,1.29,4356.0,33960.0,0.132,,25788217.0,3.202,37.9,15.504,10.129,44648.71,0.5,107.791,5.07,13.0,16.5,,3.84,83.44,0.944,,,,,33960.0,0.132,112339.0,4356.0,72034.0,,,,,,,,,,,,
6940,AUT,2021-11-20,Europe,Austria,1042571.0,15297.0,13495.857,11993.0,42.0,43.429,115289.472,1691.571,1492.397,1326.209,4.644,4.802,,,,,,,,,,,,,,,,,,,12873101.0,6222265.0,5822919.0,1165234.0,72936.0,89933.0,142.35,68.81,64.39,12.89,9945.0,15770.0,0.174,,9043072.0,106.749,44.4,19.202,13.748,45436.686,0.7,145.183,6.35,28.4,30.9,,7.37,81.54,0.922,,,,,15770.0,0.174,89933.0,9945.0,72936.0,,,,,,,,,,,,
7570,AZE,2021-11-20,Asia,Azerbaijan,572085.0,1763.0,1950.571,7599.0,20.0,26.143,55958.696,172.448,190.796,743.299,1.956,2.557,,,,,,,,,,,,,,,,,,,10267178.0,5047093.0,4519516.0,700569.0,33072.0,29284.0,100.43,49.37,44.21,6.85,2864.0,4134.0,0.04,,10223344.0,119.309,32.4,6.018,3.871,15847.419,,559.812,7.11,0.3,42.5,83.241,4.7,73.0,0.756,,,,,4134.0,0.04,29284.0,2864.0,33072.0,,,,,,,,,,,,
8170,BDI,2021-11-20,Africa,Burundi,20332.0,0.0,15.857,38.0,0.0,0.0,1659.02,0.0,1.294,3.101,0.0,0.0,,,,,,,,,,,,,,,,,,,,,,,,,,,,,,,,,12255429.0,423.062,17.5,2.562,1.504,702.225,71.7,293.068,6.05,,,6.144,0.8,61.58,0.433,,,,,,,,,,,,,,,,,,,,,
8826,BEL,2021-11-20,Europe,Belgium,1581500.0,0.0,13826.857,26568.0,0.0,35.286,135957.238,0.0,1188.657,2283.978,0.0,3.033,,,,,,,,,,,,,,,,,,,,,,,,,,,,,,,,,11632334.0,375.564,41.8,18.571,12.849,42658.576,0.2,114.898,4.29,25.1,31.4,,5.64,81.63,0.931,,,,,,,,,,,,,,,,,,,,,
9441,BEN,2021-11-20,Africa,Benin,24846.0,0.0,1.857,161.0,0.0,0.0,1995.497,0.0,0.149,12.931,0.0,0.0,,,,,,,,,,,,,,,,,,,,,,,,,,,,,,,,,12451031.0,99.11,18.8,3.244,1.942,2064.236,49.6,235.848,0.99,0.6,12.3,11.035,0.5,61.77,0.545,,,,,,,,,,,,,,,,,,,,,
9587,BES,2021-09-01,North America,Bonaire Sint Eustatius and Saba,,,,,,,,,,,,,,,,,,,,,,,,,,,,,,,35845.0,19109.0,16736.0,,,196.0,135.55,72.26,63.29,,7412.0,92.0,0.348,,26445.0,,,,,,,,,,,,,77.79,,,,,,92.0,0.348,196.0,7412.0,,,,,,,,,,,,,
10208,BFA,2021-11-20,Africa,Burkina Faso,15514.0,0.0,33.286,265.0,0.0,4.429,721.679,0.0,1.548,12.327,0.0,0.206,,,,,,,,,,,,,,,,,,,,,,,,,,,,,,,,,21497097.0,70.151,17.6,2.409,1.358,1703.102,43.7,269.048,2.42,1.6,23.9,11.877,0.4,61.58,0.452,,,,,,,,,,,,,,,,,,,,,
10836,BGD,2021-11-20,Asia,Bangladesh,1573889.0,178.0,230.143,27946.0,0.0,4.0,9463.956,1.07,1.384,168.042,0.0,0.024,,,,,,,,,,,,,,,,,,,,,,,,,,,,,,,,,166303494.0,1265.036,27.5,5.098,3.262,3523.984,14.8,298.003,8.38,1.0,44.7,34.808,0.8,72.59,0.632,,,,,,,,,,,,,,,,,,,,,
11459,BGR,2021-11-20,Europe,Bulgaria,672555.0,1455.0,2533.714,27180.0,56.0,141.286,97519.015,210.972,367.383,3941.041,8.12,20.486,,,,,,,,,,,,,,,,,,,3181487.0,,1690821.0,,7263.0,16620.0,46.13,,24.52,,2410.0,,,,6896655.0,65.18,44.7,20.801,13.272,18563.307,1.5,424.688,5.81,30.1,44.4,,7.454,75.05,0.816,,,,,,,16620.0,2410.0,7263.0,,,,,,,,,,,,
12095,BHR,2021-11-20,Asia,Bahrain,277348.0,26.0,21.0,1394.0,1.0,0.143,158639.131,14.872,12.012,797.348,0.572,0.082,,,,,,,,,,,,,,,,,,,2851438.0,1185455.0,1152538.0,,3389.0,4083.0,163.1,67.81,65.92,,2335.0,295.0,0.017,,1748295.0,1935.907,32.4,2.372,1.387,43290.705,,151.689,16.52,5.8,37.6,,2.0,77.29,0.852,,,,,295.0,0.017,4083.0,2335.0,3389.0,,,,,,,,,,,,
12710,BHS,2021-11-20,North America,Bahamas,22655.0,0.0,11.857,671.0,0.0,0.857,57077.856,0.0,29.873,1690.543,0.0,2.16,,,,,,,,,,,,,,,,,,,,,,,,,,,,,,,,,396914.0,39.497,34.3,8.996,5.2,27717.847,,235.954,13.17,3.1,20.4,,2.9,73.92,0.814,,,,,,,,,,,,,,,,,,,,,
13336,BIH,2021-11-20,Europe,Bosnia and Herzegovina,268572.0,0.0,712.143,12219.0,0.0,36.714,82296.729,0.0,218.217,3744.187,0.0,11.25,,,,,,,,,,,,,,,,,,,,,,,,,,,,,,,,,3263459.0,68.496,42.5,16.569,10.711,11713.895,0.2,329.635,10.08,30.2,47.7,97.164,3.5,77.4,0.78,,,,,,,,,,,,,,,,,,,,,
13968,BLR,2021-11-20,Europe,Belarus,638402.0,1859.0,1830.0,4932.0,16.0,14.0,67606.798,196.868,193.797,522.299,1.694,1.483,,,,,,,,,,,,,,,,,,,,,,,,,,,,,,,,,9442867.0,46.858,40.3,14.799,9.788,17167.967,,443.129,5.18,10.5,46.1,,11.0,74.79,0.823,,,,,,,,,,,,,,,,,,,,,
14576,BLZ,2021-11-20,North America,Belize,29501.0,0.0,86.0,558.0,0.0,3.429,72857.266,0.0,212.39,1378.067,0.0,8.467,,,,,,,,,,,,,,,,,,,,,,,,,,,,,,,,,404915.0,16.426,25.0,3.853,2.279,7824.362,,176.957,17.11,,,90.083,1.3,74.62,0.716,,,,,,,,,,,,,,,,,,,,,
14876,BMU,2021-11-05,North America,Bermuda,,,,,,,,,,,,,,,,,,,,,,,,,,,,,,,101341.0,48464.0,47365.0,5512.0,,1224.0,163.21,78.05,76.28,8.88,19713.0,187.0,0.301,41.67,62092.0,1308.82,,,,50669.315,,139.547,13.0,,,,,82.59,,,,,,187.0,0.301,1224.0,19713.0,,,,,,,,,,,,,
15496,BOL,2021-11-20,South America,Bolivia,528407.0,1027.0,839.571,19051.0,2.0,6.714,44655.612,86.792,70.952,1609.998,0.169,0.567,,,,,,,,,,,,,,,,,,,,,,,,,,,,,,,,,11832936.0,10.202,25.4,6.704,4.393,6885.829,7.1,204.299,6.89,,,25.383,1.1,71.51,0.718,,,,,,,,,,,,,,,,,,,,,
16130,BRA,2021-11-20,South America,Brazil,22012150.0,8833.0,8330.286,612587.0,217.0,195.0,102863.667,41.277,38.928,2862.644,1.014,0.911,,,,,,,,,,,,,,,,,,,,,,,,,,,,,,,,,213993441.0,25.04,33.5,8.552,5.06,14103.452,3.4,177.961,8.11,10.1,17.9,,2.2,75.88,0.765,,,,,,,,,,,,,,,,,,,,,
16744,BRB,2021-11-20,North America,Barbados,23623.0,197.0,249.429,206.0,0.0,2.143,82107.553,684.722,866.95,716.004,0.0,7.448,,,,,,,,,,,,,,,,,,,,,,,,,,,,,,,,,287708.0,664.463,39.8,14.952,9.473,16978.068,,170.05,13.57,1.9,14.5,88.469,5.8,79.19,0.814,,,,,,,,,,,,,,,,,,,,,
17366,BRN,2021-11-20,Asia,Brunei,14444.0,0.0,38.857,96.0,0.0,0.0,32713.371,0.0,88.005,217.425,0.0,0.0,,,,,,,,,,,,,,,,,,,,,,,,,,,,,,,,,441532.0,81.347,32.4,4.591,2.382,71809.251,,201.285,12.79,2.0,30.9,,2.7,75.86,0.838,,,,,,,,,,,,,,,,,,,,,
17991,BTN,2021-11-20,Asia,Bhutan,2632.0,0.0,1.0,3.0,0.0,0.0,3374.792,0.0,1.282,3.847,0.0,0.0,,,,,,,,,,,,,,,,,,,,,,,,,,,,,,,,,779900.0,21.188,28.6,4.885,2.977,8708.597,1.5,217.066,9.75,,,79.807,1.7,71.78,0.654,,,,,,,,,,,,,,,,,,,,,
18592,BWA,2021-11-20,Africa,Botswana,194445.0,0.0,106.286,2416.0,0.0,0.714,81112.029,0.0,44.337,1007.826,0.0,0.298,,,,,,,,,,,,,,,,,,,,,,,,,,,,,,,,,2397240.0,4.044,25.8,3.941,2.242,15807.374,,237.372,4.81,5.7,34.4,,1.8,69.59,0.735,,,,,,,,,,,,,,,,,,,,,
19208,CAF,2021-11-20,Africa,Central African Republic,11666.0,0.0,0.0,101.0,0.0,0.0,2371.144,0.0,0.0,20.529,0.0,0.0,,,,,,,,,,,,,,,,,,,,,,,,,,,,,,,,,4919987.0,7.479,18.3,3.655,2.251,661.24,,435.727,6.1,,,16.603,1.0,53.28,0.397,,,,,,,,,,,,,,,,,,,,,
19873,CAN,2021-11-20,North America,Canada,1772484.0,1709.0,2487.143,29543.0,10.0,23.857,46561.103,44.893,65.334,776.06,0.263,0.627,,,,,,,,,,,,,,,,,,,59935961.0,30142460.0,28833278.0,960223.0,17844.0,60493.0,157.44,79.18,75.74,2.52,1589.0,14302.0,0.038,,38067913.0,4.037,41.4,16.984,10.797,44017.591,0.5,105.599,7.37,12.0,16.6,,2.5,82.43,0.929,,,,,14302.0,0.038,60493.0,1589.0,17844.0,,,,,,,,,,,,
20508,CHE,2021-11-20,Europe,Switzerland,941218.0,0.0,4597.143,11382.0,5.0,8.143,107993.649,0.0,527.468,1305.95,0.574,0.934,,,,,,,,,,,,,,,,,,,,,,,,,,,,,,,,,8715494.0,214.243,43.1,18.436,12.644,57410.166,,99.739,5.59,22.6,28.9,,4.53,83.78,0.955,,,,,,,,,,,,,,,,,,,,,
21145,CHL,2021-11-20,South America,Chile,1740496.0,2611.0,2395.429,38094.0,15.0,20.429,90592.505,135.902,124.682,1982.786,0.781,1.063,,,,,,,,,,,,,,,,,,,,,,,,,,,,,,,,,19212362.0,24.282,35.4,11.087,6.938,22767.037,1.3,127.993,8.46,34.2,41.5,,2.11,80.18,0.851,,,,,,,,,,,,,,,,,,,,,
21814,CHN,2021-11-20,Asia,China,98544.0,17.0,29.143,4636.0,0.0,0.0,68.234,0.012,0.02,3.21,0.0,0.0,,,,,,,,,,,,,,,,,,,2430743000.0,,,,7835000.0,6944286.0,168.31,,,,4808.0,,,,1444216102.0,147.674,38.7,10.641,5.929,15308.712,0.7,261.899,9.74,1.9,48.4,,4.34,76.91,0.761,,,,,,,6944286.0,4808.0,7835000.0,,,,,,,,,,,,
22434,CIV,2021-11-20,Africa,Cote d'Ivoire,61577.0,9.0,10.571,702.0,0.0,0.0,2276.109,0.333,0.391,25.948,0.0,0.0,,,,,,,,,,,,,,,,,,,,,,,,,,,,,,,,,27053629.0,76.399,18.7,2.933,1.582,3601.006,28.2,303.74,2.42,,,19.351,,57.78,0.538,,,,,,,,,,,,,,,,,,,,,
23059,CMR,2021-11-20,Africa,Cameroon,106190.0,0.0,0.0,1770.0,0.0,0.0,3900.565,0.0,0.0,65.016,0.0,0.0,,,,,,,,,,,,,,,,,,,,,,,,,,,,,,,,,27224262.0,50.885,18.8,3.165,1.919,3364.926,23.8,244.661,7.2,,,2.735,1.3,59.29,0.563,,,,,,,,,,,,,,,,,,,,,
23679,COD,2021-11-20,Africa,Democratic Republic of Congo,57880.0,0.0,21.571,1104.0,0.0,0.714,626.556,0.0,0.234,11.951,0.0,0.008,,,,,,,,,,,,,,,,,,,,,,,,,,,,,,,,,92377986.0,35.879,17.0,3.02,1.745,808.133,77.1,318.949,6.1,,,4.472,,60.68,0.48,,,,,,,,,,,,,,,,,,,,,
24295,COG,2021-11-20,Africa,Congo,18717.0,0.0,80.571,339.0,0.0,4.286,3308.634,0.0,14.243,59.926,0.0,0.758,,,,,,,,,,,,,,,,,,,,,,,,,,,,,,,,,5657017.0,15.405,19.0,3.402,2.063,4881.406,37.0,344.094,7.2,1.7,52.3,47.964,,64.57,0.574,,,,,,,,,,,,,,,,,,,,,
24463,COK,2021-11-08,Oceania,Cook Islands,,,,,,,,,,,,,,,,,,,,,,,,,,,,,,,24326.0,12600.0,11726.0,,,40.0,138.44,71.7,66.73,,2276.0,14.0,0.08,,17572.0,,,,,,,,,,,,,76.25,,,,,,14.0,0.08,40.0,2276.0,,,,,,,,,,,,,
25088,COL,2021-11-20,South America,Colombia,5045412.0,2590.0,2296.714,128054.0,41.0,41.143,98416.644,50.521,44.8,2497.843,0.8,0.803,,,,,,,,,,,,,,,,,,,,,,,,,,,,,,,,,51265841.0,44.223,32.2,7.646,4.312,13254.949,4.5,124.24,7.44,4.7,13.5,65.386,1.71,77.29,0.767,,,,,,,,,,,,,,,,,,,,,
25658,COM,2021-11-20,Africa,Comoros,4440.0,3.0,9.857,150.0,1.0,0.143,4997.434,3.377,11.095,168.832,1.126,0.161,,,,,,,,,,,,,,,,,,,,,,,,,,,,,,,,,888456.0,437.352,20.4,2.963,1.726,1413.89,18.1,261.516,11.88,4.4,23.6,15.574,2.2,64.32,0.554,,,,,,,,,,,,,,,,,,,,,
26269,CPV,2021-11-20,Africa,Cape Verde,38324.0,3.0,4.429,350.0,0.0,0.0,68204.185,5.339,7.881,622.886,0.0,0.0,,,,,,,,,,,,,,,,,,,,,,,,,,,,,,,,,561901.0,135.58,25.7,4.46,3.437,6222.554,,182.219,2.42,2.1,16.5,,2.1,72.98,0.665,,,,,,,,,,,,,,,,,,,,,
26894,CRI,2021-11-20,North America,Costa Rica,565548.0,0.0,198.429,7251.0,0.0,7.714,110049.069,0.0,38.612,1410.96,0.0,1.501,,,,,,,,,,,,,,,,,,,,,,,,,,,,,,,,,5139053.0,96.079,33.6,9.468,5.694,15524.995,1.3,137.973,8.78,6.4,17.4,83.841,1.13,80.28,0.81,,,,,,,,,,,,,,,,,,,,,
27513,CUB,2021-11-20,North America,Cuba,960472.0,287.0,297.429,8293.0,3.0,2.0,84866.107,25.359,26.28,732.759,0.265,0.177,,,,,,,,,,,,,,,,,,,,,,,,,,,,,,,,,11317498.0,110.408,43.1,14.738,9.719,,,190.968,8.27,17.1,53.3,85.198,5.2,78.8,0.783,,,,,,,,,,,,,,,,,,,,,
27753,CUW,2021-11-20,North America,Curacao,,,,,,,,,,,,,,,,,,,,,,,,,,,,,,,196835.0,102378.0,94457.0,,,161.0,119.44,62.12,57.32,,977.0,60.0,0.036,,164796.0,362.644,41.7,16.367,10.068,,,,11.62,,,,,78.88,,,,,,60.0,0.036,161.0,977.0,,,,,,,,,,,,,
28075,CYM,2021-11-12,North America,Cayman Islands,,,,,,,,,,,,,,,,,,,,,,,,,,,,,,,119435.0,57357.0,55157.0,,,418.0,179.61,86.25,82.95,,6286.0,67.0,0.101,,66498.0,256.496,,,,49903.029,,,13.22,,,,,83.92,,,,,,67.0,0.101,418.0,6286.0,,,,,,,,,,,,,
28698,CYP,2021-11-20,Europe,Cyprus,129888.0,730.0,407.429,590.0,1.0,0.429,144963.477,814.728,454.717,658.478,1.116,0.478,,,,,,,,,,,,,,,,,,,,,,,,,,,,,,,,,896005.0,127.657,37.3,13.416,8.563,32415.132,,141.171,9.24,19.6,52.7,,3.4,80.98,0.887,,,,,,,,,,,,,,,,,,,,,
29335,CZE,2021-11-20,Europe,Czechia,1980849.0,23033.0,14234.714,32005.0,126.0,82.0,184702.244,2147.689,1327.301,2984.274,11.749,7.646,,,,,,,,,,,,,,,,,,,13019906.0,6507226.0,6248339.0,621071.0,15346.0,33638.0,121.4,60.68,58.26,5.79,3137.0,12695.0,0.118,,10724553.0,137.176,43.3,19.027,11.58,32605.906,,227.485,6.82,30.5,38.3,,6.63,79.38,0.9,,,,,12695.0,0.118,33638.0,3137.0,15346.0,,,,,,,,,,,,
29999,DEU,2021-11-20,Europe,Germany,5374446.0,45183.0,48201.0,99067.0,74.0,198.571,64057.4,538.531,574.502,1180.768,0.882,2.367,,,,,,,,,,,,,,,,,,,,,,,,,,,,,,,,,83900471.0,237.016,46.6,21.453,15.957,45229.245,,156.139,8.31,28.2,33.1,,8.0,81.33,0.947,,,,,,,,,,,,,,,,,,,,,
30612,DJI,2021-11-20,Africa,Djibouti,13501.0,0.0,0.857,186.0,0.0,0.0,13471.403,0.0,0.855,185.592,0.0,0.0,,,,,,,,,,,,,,,,,,,,,,,,,,,,,,,,43.52,1002197.0,41.285,25.4,4.213,2.38,2705.406,22.5,258.037,6.05,1.7,24.5,,1.4,67.11,0.524,,,,,,,,,,,,,,,,,,,,,
31221,DMA,2021-11-20,North America,Dominica,5589.0,0.0,50.571,35.0,0.0,0.143,77440.004,0.0,700.707,484.953,0.0,1.979,,,,,,,,,,,,,,,,,,,,,,,,,,,,,,,,,72172.0,98.567,,,,9673.367,,227.376,11.62,,,,3.8,75.0,0.742,,,,,,,,,,,,,,,,,,,,,
31879,DNK,2021-11-20,Europe,Denmark,450974.0,3833.0,3854.571,2819.0,11.0,7.286,77576.221,659.35,663.061,484.922,1.892,1.253,,,,,,,,,,,,,,,,,,,,,,,,,,,,,,,,,5813302.0,136.52,42.3,19.677,12.325,46682.515,0.2,114.767,6.41,19.3,18.8,,2.5,80.9,0.94,,,,,,,,,,,,,,,,,,,,,
32509,DOM,2021-11-20,North America,Dominican Republic,401914.0,1068.0,1043.714,4186.0,3.0,2.857,36692.03,97.501,95.284,382.153,0.274,0.261,,,,,,,,,,,,,,,,,,,13683852.0,6844199.0,5533108.0,1306545.0,7285.0,16836.0,124.92,62.48,50.51,11.93,1537.0,3683.0,0.034,,10953714.0,222.873,27.6,6.981,4.419,14600.861,1.6,266.653,8.2,8.5,19.1,55.182,1.6,74.08,0.756,,,,,3683.0,0.034,16836.0,1537.0,7285.0,,,,,,,,,,,,
33144,DZA,2021-11-20,Africa,Algeria,208839.0,144.0,138.0,6017.0,2.0,5.714,4680.744,3.227,3.093,134.86,0.045,0.128,,,,,,,,,,,,,,,,,,,,,,,,,,,,,,,,,44616626.0,17.348,29.1,6.211,3.857,13913.839,0.5,278.364,6.73,0.7,30.4,83.741,1.9,76.88,0.748,,,,,,,,,,,,,,,,,,,,,
33774,ECU,2021-11-20,South America,Ecuador,523847.0,2055.0,612.429,33121.0,33.0,18.857,29284.052,114.878,34.236,1851.527,1.845,1.054,,,,,,,,,,,,,,,,,,,,,,,,,,,,,,,,,17888474.0,66.939,28.1,7.104,4.458,10581.936,3.6,140.448,5.55,2.0,12.3,80.635,1.5,77.01,0.759,,,,,,,,,,,,,,,,,,,,,
34420,EGY,2021-11-20,Africa,Egypt,349513.0,902.0,926.714,19872.0,61.0,62.429,3352.375,8.652,8.889,190.603,0.585,0.599,,,,,,,,,,,,,,,,,,,,,,,,,,,,,,,,,104258327.0,97.999,25.3,5.159,2.891,10550.206,1.3,525.432,17.31,0.2,50.1,89.827,1.6,71.99,0.707,,,,,,,,,,,,,,,,,,,,,
35030,ERI,2021-11-20,Africa,Eritrea,7156.0,23.0,15.0,54.0,1.0,0.857,1986.971,6.386,4.165,14.994,0.278,0.238,,,,,,,,,,,,,,,,,,,,,,,,,,,,,,,,,3601462.0,44.304,19.3,3.607,2.171,1510.459,,311.11,6.05,0.2,11.4,,0.7,66.32,0.459,,,,,,,,,,,,,,,,,,,,,
35689,ESP,2021-11-20,Europe,Spain,5080663.0,0.0,4786.714,87810.0,0.0,19.571,108688.417,0.0,102.4,1878.481,0.0,0.419,,,,,,,,,,,,,,,,,,,,,,,,,,,,,,,,,46745211.0,93.105,45.5,19.436,13.799,34272.36,1.0,99.403,7.17,27.4,31.4,,2.97,83.56,0.904,,,,,,,,,,,,,,,,,,,,,
36346,EST,2021-11-20,Europe,Estonia,216544.0,463.0,715.571,1728.0,5.0,8.571,163406.249,349.384,539.977,1303.966,3.773,6.468,,,,,,,,,,,,,,,,,,,,,,,,,,,,,,,,,1325188.0,31.033,42.7,19.452,13.491,29481.252,0.5,255.569,4.02,24.5,39.3,,4.69,78.74,0.892,,,,,,,,,,,,,,,,,,,,,
36964,ETH,2021-11-20,Africa,Ethiopia,370045.0,178.0,199.857,6672.0,10.0,8.429,3139.267,1.51,1.695,56.602,0.085,0.072,,,,,,,,,,,,,,,,,,,,,,,,,,,,,,,,,117876226.0,104.957,19.8,3.526,2.063,1729.927,26.7,182.634,7.47,0.4,8.5,7.96,0.3,66.6,0.485,,,,,,,,,,,,,,,,,,,,,
37626,FIN,2021-11-20,Europe,Finland,174823.0,0.0,1100.571,1249.0,0.0,4.714,31508.945,0.0,198.36,225.112,0.0,0.85,,,,,,,,,,,,,,,,,,,8251633.0,4266460.0,3985173.0,,6476.0,4416.0,148.72,76.9,71.83,,796.0,1423.0,0.026,,5548361.0,18.136,42.8,21.228,13.264,40585.721,,153.507,5.76,18.3,22.6,,3.28,81.91,0.938,,,,,1423.0,0.026,4416.0,796.0,6476.0,,,,,,,,,,,,
38287,FJI,2021-11-20,Oceania,Fiji,52453.0,0.0,8.0,695.0,0.0,2.286,58093.984,0.0,8.86,769.743,0.0,2.532,,,,,,,,,,,,,,,,,,,,,,,,,,,,,,,,,902899.0,49.562,28.6,6.224,3.284,8702.975,1.4,412.82,14.49,10.2,34.8,,2.3,67.44,0.743,,,,,,,,,,,,,,,,,,,,,
38354,FLK,2021-04-14,South America,Falkland Islands,,,,,,,,,,,,,,,,,,,,,,,,,,,,,,,4407.0,2632.0,1775.0,,,12.0,124.91,74.6,50.31,,3401.0,4.0,0.113,,3528.0,,,,,,,,,,,,,81.44,,,,,,4.0,0.113,12.0,3401.0,,,,,,,,,,,,,
39021,FRA,2021-11-20,Europe,France,7497912.0,22701.0,17204.143,119407.0,24.0,46.0,110974.545,335.991,254.634,1767.31,0.355,0.681,,,,,,,,,,,,,,,,,,,,,,,,,,,,,,,,,67564251.0,122.578,42.0,19.718,13.079,38605.671,,86.06,4.77,30.1,35.6,,5.98,82.66,0.901,,,,,,,,,,,,,,,,,,,,,
39302,FRO,2021-11-05,Europe,Faeroe Islands,,,,,,,,,,,,,,,,,,,,,,,,,,,,,,,78347.0,40205.0,38142.0,,,140.0,159.72,81.96,77.76,,2854.0,90.0,0.183,38.89,49053.0,35.308,,,,,,,,,,,,80.67,,,,,,90.0,0.183,140.0,2854.0,,,,,,,,,,,,,
39606,FSM,2021-11-20,Oceania,Micronesia (country),1.0,0.0,0.0,,,0.0,8.602,0.0,0.0,,,0.0,,,,,,,,,,,,,,,,,,,,,,,,,,,,,,,,,116255.0,150.777,23.0,4.81,2.392,3299.464,16.0,454.343,12.02,,,,,67.88,0.62,,,,,,,,,,,,,,,,,,,,,
40223,GAB,2021-11-20,Africa,Gabon,37045.0,102.0,50.429,273.0,3.0,1.0,16256.156,44.76,22.129,119.798,1.316,0.439,,,,,,,,,,,,,,,,,,,,,,,,,,,,,,,,,2278829.0,7.859,23.1,4.45,2.976,16562.413,3.4,259.967,7.2,,,,6.3,66.47,0.703,,,,,,,,,,,,,,,,,,,,,
40883,GBR,2021-11-20,Europe,United Kingdom,9857658.0,40153.0,40758.143,144308.0,150.0,147.714,144525.364,588.692,597.564,2115.732,2.199,2.166,,,,,,,,,,,,,,,,,,,,,,,,,,,,,,,,,68207114.0,272.898,40.8,18.517,12.527,39753.244,0.2,122.137,4.28,20.0,24.7,,2.54,81.32,0.932,,,,,,,,,,,,,,,,,,,,,
41517,GEO,2021-11-20,Asia,Georgia,808889.0,4318.0,4071.143,11422.0,70.0,75.429,203250.035,1084.987,1022.959,2870.013,17.589,18.953,,,,,,,,,,,,,,,,,,,,,,,,,,,,,,,,,3979773.0,65.032,38.7,14.864,10.244,9745.079,4.2,496.218,7.11,5.3,55.5,,2.6,73.77,0.812,,,,,,,,,,,,,,,,,,,,,
41813,GGY,2021-11-15,Europe,Guernsey,,,,,,,,,,,,,,,,,,,,,,,,,,,,,,,104070.0,,,,,28.0,164.19,,,,442.0,,,,63385.0,,,,,,,,,,,,,,,,,,,,,28.0,442.0,,,,,,,,,,,,,
42430,GHA,2021-11-20,Africa,Ghana,130727.0,0.0,11.143,1207.0,0.0,0.143,4119.705,0.0,0.351,38.037,0.0,0.005,,,,,,,,,,,,,,,,,,,,,,,,,,,,,,,,,31732128.0,126.719,21.1,3.385,1.948,4227.63,12.0,298.245,4.97,0.3,7.7,41.047,0.9,64.07,0.611,,,,,,,,,,,,,,,,,,,,,
42743,GIB,2021-11-18,Europe,Gibraltar,,,,,,,,,,,,,,,,,,,,,,,,,,,,,,,95407.0,40787.0,39815.0,14805.0,470.0,450.0,283.18,121.06,118.18,43.94,13357.0,30.0,0.089,,33691.0,3457.1,,,,,,,,,,,,79.93,,,,,,30.0,0.089,450.0,13357.0,470.0,,,,,,,,,,,,
43361,GIN,2021-11-20,Africa,Guinea,30715.0,0.0,0.0,387.0,0.0,0.0,2275.651,0.0,0.0,28.673,0.0,0.0,,,,,,,,,,,,,,,,,,,,,,,,,,,,,,,,,13497237.0,51.755,19.0,3.135,1.733,1998.926,35.3,336.717,2.42,,,17.45,0.3,61.6,0.477,,,,,,,,,,,,,,,,,,,,,
43975,GMB,2021-11-20,Africa,Gambia,9986.0,0.0,0.857,341.0,0.0,0.0,4015.381,0.0,0.345,137.116,0.0,0.0,,,,,,,,,,,,,,,,,,,,,,,,,,,,,,,,,2486937.0,207.566,17.5,2.339,1.417,1561.767,10.1,331.43,1.91,0.7,31.2,7.876,1.1,62.05,0.496,,,,,,,,,,,,,,,,,,,,,
44581,GNB,2021-11-20,Africa,Guinea-Bissau,6434.0,0.0,10.143,146.0,0.0,0.429,3192.276,0.0,5.032,72.439,0.0,0.213,,,,,,,,,,,,,,,,,,,,,,,,,,,,,,,,,2015490.0,66.191,19.4,3.002,1.565,1548.675,67.1,382.474,2.42,,,6.403,,58.32,0.48,,,,,,,,,,,,,,,,,,,,,
45197,GNQ,2021-11-20,Africa,Equatorial Guinea,13538.0,13.0,7.571,170.0,0.0,0.286,9337.254,8.966,5.222,117.25,0.0,0.197,,,,,,,,,,,,,,,,,,,,,,,,,,,,,,,,,1449891.0,45.194,22.4,2.846,1.752,22604.873,,202.812,7.78,,,24.64,2.1,58.74,0.592,,,,,,,,,,,,,,,,,,,,,
45838,GRC,2021-11-20,Europe,Greece,874812.0,5944.0,6682.857,17237.0,69.0,78.714,84353.808,573.151,644.395,1662.079,6.653,7.59,,,,,,,,,,,,,,,,,,,13620607.0,6903597.0,6512821.0,895476.0,69249.0,58733.0,131.34,66.57,62.8,8.63,5663.0,15225.0,0.147,,10370747.0,83.479,45.3,20.396,14.524,24574.382,1.5,175.695,4.55,35.3,52.0,,4.21,82.24,0.888,,,,,15225.0,0.147,58733.0,5663.0,69249.0,,,,,,,,,,,,
46447,GRD,2021-11-20,North America,Grenada,5866.0,0.0,0.429,200.0,0.0,0.0,51904.614,0.0,3.792,1769.677,0.0,0.0,,,,,,,,,,,,,,,,,,,,,,,,,,,,,,,,,113015.0,317.132,29.4,7.304,5.021,13593.877,,243.964,10.71,,,,3.7,72.4,0.779,,,,,,,,,,,,,,,,,,,,,
46729,GRL,2021-11-04,North America,Greenland,,,,,,,,,,,,,,,,,,,,,,,,,,,,,,,77383.0,40125.0,37258.0,,,35.0,136.07,70.56,65.52,,615.0,1.0,0.002,29.63,56868.0,0.137,,,,,,199.941,2.16,,,,,71.7,,,,,,1.0,0.002,35.0,615.0,,,,,,,,,,,,,
47372,GTM,2021-11-20,North America,Guatemala,613713.0,699.0,569.143,15837.0,15.0,19.857,33628.353,38.302,31.186,867.787,0.822,1.088,,,,,,,,,,,,,,,,,,,,,,,,,,,,,,,,,18249868.0,157.834,22.9,4.694,3.016,7423.808,8.7,155.898,10.18,,,76.665,0.6,74.3,0.663,,,,,,,,,,,,,,,,,,,,,
47991,GUY,2021-11-20,South America,Guyana,37184.0,0.0,63.286,971.0,0.0,2.0,47048.761,0.0,80.075,1228.602,0.0,2.531,,,,,,,,,,,,,,,,,,,,,,,,,,,,,,,,,790329.0,3.952,26.3,5.305,2.837,7435.047,,373.159,11.62,,,77.159,1.6,69.91,0.682,,,,,,,,,,,,,,,,,,,,,
48659,HKG,2021-11-20,Asia,Hong Kong,12399.0,3.0,2.714,213.0,0.0,0.0,1641.643,0.397,0.359,28.201,0.0,0.0,,,,,,,,,,,,,,,,,,,9275808.0,4701179.0,4498223.0,,17626.0,13702.0,122.81,62.24,59.56,,1814.0,4446.0,0.059,,7552800.0,7039.714,44.8,16.303,10.158,56054.92,,,8.33,,,,,84.86,0.949,,,,,4446.0,0.059,13702.0,1814.0,17626.0,,,,,,,,,,,,
49279,HND,2021-11-20,North America,Honduras,377420.0,0.0,78.143,10387.0,0.0,5.286,37505.736,0.0,7.765,1032.198,0.0,0.525,,,,,,,,,,,,,,,,,,,,,,,,,,,,,,,,,10062994.0,82.805,24.9,4.652,2.883,4541.795,16.0,240.208,7.21,2.0,,84.169,0.7,75.27,0.634,,,,,,,,,,,,,,,,,,,,,
49914,HRV,2021-11-20,Europe,Croatia,566118.0,5614.0,4502.429,10243.0,65.0,57.571,138698.083,1375.422,1103.088,2509.52,15.925,14.105,,,,,,,,,,,,,,,,,,,,,,,,,,,,,,,,,4081657.0,73.726,44.0,19.724,13.053,22669.797,0.7,253.782,5.59,34.3,39.9,,5.54,78.49,0.851,,,,,,,,,,,,,,,,,,,,,
50525,HTI,2021-11-20,North America,Haiti,24768.0,0.0,32.143,711.0,0.0,0.429,2145.961,0.0,2.785,61.603,0.0,0.037,,,,,,,,,,,,,,,,,,,,,,,,,,,,,,,,,11541683.0,398.448,24.3,4.8,2.954,1653.173,23.5,430.548,6.65,2.9,23.1,22.863,0.7,64.0,0.51,,,,,,,,,,,,,,,,,,,,,
51153,HUN,2021-11-20,Europe,Hungary,998488.0,0.0,8386.286,32780.0,0.0,130.429,103640.358,0.0,870.474,3402.475,0.0,13.538,,,,,,,,,,,,,,,,,,,,,,,,,,,,,,,,,9634162.0,108.043,43.4,18.577,11.976,26777.561,0.5,278.296,7.55,26.8,34.8,,7.02,76.88,0.854,,,,,,,,,,,,,,,,,,,,,
51782,IDN,2021-11-20,Asia,Indonesia,4253098.0,393.0,368.857,143728.0,14.0,12.0,15389.602,1.422,1.335,520.072,0.051,0.043,,,,,,,,,,,,,,,,,,,222785206.0,134025009.0,88760197.0,,1423038.0,1379561.0,80.61,48.5,32.12,,4992.0,616403.0,0.223,,276361788.0,145.725,29.3,5.319,3.053,11188.744,5.7,342.864,6.32,2.8,76.1,64.204,1.04,71.72,0.718,,,,,616403.0,0.223,1379561.0,4992.0,1423038.0,,,,,,,,,,,,
52085,IMN,2021-11-19,Europe,Isle of Man,,,,,,,,,,,,,,,,,,,,,,,,,,,,,,,132969.0,68208.0,64761.0,,44.0,16.0,155.68,79.86,75.82,,187.0,10.0,0.012,,85410.0,147.872,,,,,,,,,,,,81.4,,,,,,10.0,0.012,16.0,187.0,44.0,,,,,,,,,,,,
52746,IND,2021-11-20,Asia,India,34510413.0,10488.0,10443.714,465662.0,313.0,304.571,24766.893,7.527,7.495,334.189,0.225,0.219,,,,,,,,,,,,,,,,,,,1163685005.0,765364845.0,398320160.0,,10089449.0,6357807.0,83.51,54.93,28.59,,4563.0,1983320.0,0.142,,1393409033.0,450.419,28.2,5.989,3.414,6426.674,21.2,282.28,10.39,1.9,20.6,59.55,0.53,69.66,0.645,,,,,1983320.0,0.142,6357807.0,4563.0,10089449.0,,,,,,,,,,,,
53377,IRL,2021-11-20,Europe,Ireland,524783.0,5959.0,4305.714,5609.0,0.0,6.143,105316.699,1195.889,864.097,1125.649,0.0,1.233,,,,,,,,,,,,,,,,,,,,,,,,,,,,,,,,44.44,4982904.0,69.874,38.7,13.928,8.678,67335.293,0.2,126.459,3.28,23.0,25.7,,2.96,82.3,0.955,,,,,,,,,,,,,,,,,,,,,
54018,IRN,2021-11-20,Asia,Iran,6073098.0,3539.0,5931.857,128852.0,118.0,115.714,71424.045,41.621,69.763,1515.393,1.388,1.361,,,,,,,,,,,,,,,,,,,,,,,,,,,,,,,,,85028760.0,49.831,32.4,5.44,3.182,19082.62,0.2,270.308,9.59,0.8,21.1,,1.5,76.68,0.783,,,,,,,,,,,,,,,,,,,,,
54654,IRQ,2021-11-20,Asia,Iraq,2073835.0,568.0,778.143,23642.0,14.0,22.714,50361.041,13.793,18.896,574.123,0.34,0.552,,,,,,,,,,,,,,,,,,,,,,,,,,,,,,,,38.89,41179351.0,88.125,20.0,3.186,1.957,15663.986,2.5,218.612,8.83,,,94.576,1.4,70.6,0.674,,,,,,,,,,,,,,,,,,,,,
55288,ISL,2021-11-20,Europe,Iceland,16435.0,0.0,159.143,34.0,0.0,0.0,47865.214,0.0,463.487,99.021,0.0,0.0,,,,,,,,,,,,,,,,,,,,,,,,,,,,,,,,,343360.0,3.404,37.3,14.431,9.207,46482.958,0.2,117.992,5.31,14.3,15.2,,2.91,82.99,0.949,,,,,,,,,,,,,,,,,,,,,
55928,ISR,2021-11-20,Asia,Israel,1340084.0,361.0,457.429,8154.0,0.0,2.0,144234.636,38.855,49.234,877.624,0.0,0.215,,,,,,,,,,,,,,,,,,,16068726.0,6264267.0,5762489.0,4041970.0,1280.0,5684.0,172.95,67.42,62.02,43.5,612.0,1046.0,0.011,,9291000.0,402.606,30.6,11.733,7.359,33132.32,0.5,93.32,6.74,15.4,35.4,,2.99,82.97,0.919,,,,,1046.0,0.011,5684.0,612.0,1280.0,,,,,,,,,,,,
56588,ITA,2021-11-20,Europe,Italy,4915981.0,11540.0,9069.286,133131.0,49.0,56.0,81434.271,191.163,150.235,2205.343,0.812,0.928,,,,,,,,,,,,,,,,,,,93415792.0,46975851.0,44039915.0,3894248.0,174958.0,188438.0,154.75,77.82,72.95,6.45,3122.0,17860.0,0.03,71.3,60367471.0,205.859,47.9,23.021,16.24,35220.084,2.0,113.151,4.78,19.8,27.8,,3.18,83.51,0.892,,,,,17860.0,0.03,188438.0,3122.0,174958.0,,,,,,,,,,,,
57208,JAM,2021-11-20,North America,Jamaica,90630.0,72.0,68.714,2356.0,2.0,4.857,30479.623,24.214,23.109,792.342,0.673,1.633,,,,,,,,,,,,,,,,,,,1071648.0,644420.0,490610.0,,4073.0,4788.0,36.04,21.67,16.5,,1610.0,2841.0,0.096,,2973462.0,266.879,31.4,9.684,6.39,8193.571,,206.537,11.28,5.3,28.6,66.425,1.7,74.47,0.734,,,,,2841.0,0.096,4788.0,1610.0,4073.0,,,,,,,,,,,,
57454,JEY,2021-11-14,Europe,Jersey,,,,,,,,,,,,,,,,,,,,,,,,,,,,,,,179485.0,79346.0,74906.0,,,494.0,177.58,78.5,74.11,,4888.0,39.0,0.039,,101073.0,,,,,,,,,,,,,,,,,,,39.0,0.039,494.0,4888.0,,,,,,,,,,,,,
58082,JOR,2021-11-20,Asia,Jordan,911270.0,5532.0,3085.571,11347.0,37.0,18.857,88739.707,538.708,300.474,1104.974,3.603,1.836,,,,,,,,,,,,,,,,,,,7742207.0,4074863.0,3667344.0,,,14060.0,75.39,39.68,35.71,,1369.0,5496.0,0.054,,10269022.0,109.285,23.2,3.81,2.361,8337.49,0.1,208.257,11.75,,,,1.4,74.53,0.729,,,,,5496.0,0.054,14060.0,1369.0,,,,,,,,,,,,,
58751,JPN,2021-11-20,Asia,Japan,1725715.0,104.0,135.429,18343.0,5.0,3.143,13690.632,0.825,1.074,145.521,0.04,0.025,,,,,,,,,,,,,,,,,,,,,,,,,,,,,,,,,126050796.0,347.778,48.2,27.049,18.493,39002.223,,79.37,5.72,11.2,33.7,,13.05,84.63,0.919,,,,,,,,,,,,,,,,,,,,,
59369,KAZ,2021-11-20,Asia,Kazakhstan,1045783.0,1148.0,1163.571,17625.0,0.0,23.429,55055.821,60.437,61.257,927.878,0.0,1.233,,,,,,,,,,,,,,,,,,,16550257.0,8620968.0,7929289.0,,37300.0,32671.0,87.13,45.39,41.74,,1720.0,14228.0,0.075,71.3,18994958.0,6.681,30.6,6.991,4.625,24055.588,0.1,466.792,7.11,7.0,43.1,98.999,6.7,73.6,0.825,,,,,14228.0,0.075,32671.0,1720.0,37300.0,,,,,,,,,,,,
59994,KEN,2021-11-20,Africa,Kenya,254688.0,59.0,58.857,5325.0,0.0,1.286,4631.895,1.073,1.07,96.843,0.0,0.023,,,,,,,,,,,,,,,,,,,,,,,,,,,,,,,,,54985702.0,87.324,20.0,2.686,1.528,2993.028,36.8,218.637,2.92,1.2,20.4,24.651,1.4,66.7,0.601,,,,,,,,,,,,,,,,,,,,,
60607,KGZ,2021-11-20,Asia,Kyrgyzstan,182780.0,53.0,73.286,2720.0,2.0,2.571,27575.503,7.996,11.056,410.359,0.302,0.388,,,,,,,,,,,,,,,,,,,1922780.0,1071066.0,847420.0,,1895.0,9637.0,29.01,16.16,12.78,,1454.0,4703.0,0.071,,6628347.0,32.333,26.3,4.489,2.882,3393.474,1.4,436.362,7.11,3.6,50.5,89.22,4.5,71.45,0.697,,,,,4703.0,0.071,9637.0,1454.0,1895.0,,,,,,,,,,,,
61271,KHM,2021-11-20,Asia,Cambodia,119826.0,40.0,49.286,2896.0,5.0,5.0,7070.863,2.36,2.908,170.891,0.295,0.295,,,,,,,,,,,,,,,,,,,,,,,,,,,,,,,,,16946446.0,90.672,25.6,4.412,2.385,3645.07,,270.892,4.0,2.0,33.7,66.229,0.8,69.82,0.594,,,,,,,,,,,,,,,,,,,,,
61458,KIR,2021-11-20,Oceania,Kiribati,2.0,0.0,0.0,,,0.0,16.476,0.0,0.0,,,0.0,,,,,,,,,,,,,,,,,,,,,,,,,,,,,,,,,121388.0,143.701,23.2,3.895,2.21,1981.132,,434.657,22.66,35.9,58.9,,1.9,68.37,0.63,,,,,,,,,,,,,,,,,,,,,
62064,KNA,2021-11-20,North America,Saint Kitts and Nevis,2764.0,0.0,2.714,28.0,0.0,0.143,51619.169,0.0,50.691,522.915,0.0,2.668,,,,,,,,,,,,,,,,,,,,,,,,,,,,,,,,,53546.0,212.865,,,,24654.385,,,12.84,,,,2.3,76.23,0.779,,,,,,,,,,,,,,,,,,,,,
62734,KOR,2021-11-20,Asia,South Korea,415425.0,3114.0,2852.143,3274.0,30.0,24.429,8097.135,60.696,55.592,63.814,0.585,0.476,,,,,,,,,,,,,,,,,,,,,,,,,,,,,,,,,51305184.0,527.967,43.4,13.914,8.622,35938.374,0.2,85.998,6.8,6.2,40.9,,12.27,83.03,0.916,,,,,,,,,,,,,,,,,,,,,
63370,KWT,2021-11-20,Asia,Kuwait,413120.0,14.0,19.714,2464.0,0.0,0.286,95440.67,3.234,4.554,569.243,0.0,0.066,,,,,,,,,,,,,,,,,,,,,,,,,,,,,,,,,4328553.0,232.128,33.7,2.345,1.114,65530.537,,132.235,15.84,2.7,37.0,,2.0,75.49,0.806,,,,,,,,,,,,,,,,,,,,,
63977,LAO,2021-11-20,Asia,Laos,61239.0,1344.0,1147.429,126.0,7.0,4.286,8298.689,182.13,155.492,17.075,0.949,0.581,,,,,,,,,,,,,,,,,,,,,,,,,,,,,,,,,7379358.0,29.715,24.4,4.029,2.322,6397.36,22.7,368.111,4.0,7.3,51.2,49.839,1.5,67.92,0.613,,,,,,,,,,,,,,,,,,,,,
64616,LBN,2021-11-20,Asia,Lebanon,658467.0,1100.0,954.143,8635.0,10.0,8.286,97274.68,162.502,140.955,1275.64,1.477,1.224,,,,,,,,,,,,,,,,,,,3506393.0,1866557.0,1639836.0,,1353.0,9652.0,51.8,27.57,24.23,,1426.0,4547.0,0.067,,6769151.0,594.561,31.1,8.514,5.43,13367.565,,266.591,12.71,26.9,40.7,,2.9,78.93,0.744,,,,,4547.0,0.067,9652.0,1426.0,1353.0,,,,,,,,,,,,
65230,LBR,2021-11-20,Africa,Liberia,5818.0,0.0,0.0,287.0,0.0,0.0,1123.121,0.0,0.0,55.403,0.0,0.0,,,,,,,,,,,,,,,,,,,,,,,,,,,,,,,,,5180208.0,49.127,19.2,3.057,1.756,752.788,38.6,272.509,2.42,1.5,18.1,1.188,0.8,64.1,0.48,,,,,,,,,,,,,,,,,,,,,
65857,LBY,2021-11-20,Africa,Libya,367218.0,0.0,448.857,5365.0,0.0,12.857,52772.292,0.0,64.505,770.995,0.0,1.848,,,,,,,,,,,,,,,,,,,,,,,,,,,,,,,,,6958538.0,3.623,29.0,4.424,2.816,17881.509,,341.862,10.43,,,,3.7,72.91,0.724,,,,,,,,,,,,,,,,,,,,,
66474,LCA,2021-11-20,North America,Saint Lucia,12894.0,0.0,9.571,278.0,0.0,1.286,69923.699,0.0,51.906,1507.584,0.0,6.972,,,,,,,,,,,,,,,,,,,98882.0,53634.0,45248.0,,,333.0,53.62,29.09,24.54,,1806.0,132.0,0.072,,184401.0,293.187,34.9,9.721,6.405,12951.839,,204.62,11.62,,,87.202,1.3,76.2,0.759,,,,,132.0,0.072,333.0,1806.0,,,,,,,,,,,,,
67101,LIE,2021-11-20,Europe,Liechtenstein,4131.0,0.0,40.714,61.0,0.0,0.0,107988.707,0.0,1064.314,1594.604,0.0,0.0,,,,,,,,,,,,,,,,,,,,,,,,,,,,,,,,,38254.0,237.012,,,,,,,7.77,,,,2.397,82.49,0.919,,,,,,,,,,,,,,,,,,,,,
67765,LKA,2021-11-20,Asia,Sri Lanka,555929.0,725.0,918.429,14108.0,22.0,19.429,25860.403,33.725,42.723,656.268,1.023,0.904,,,,,,,,,,,,,,,,,,,29595254.0,15900295.0,13694959.0,,7091.0,16521.0,137.67,73.96,63.71,,769.0,6056.0,0.028,,21497306.0,341.955,34.1,10.069,5.331,11669.077,0.7,197.093,10.68,0.3,27.0,,3.6,76.98,0.782,,,,,6056.0,0.028,16521.0,769.0,7091.0,,,,,,,,,,,,
68322,LSO,2021-11-20,Africa,Lesotho,21726.0,0.0,5.429,661.0,0.0,0.143,10062.68,0.0,2.514,306.151,0.0,0.066,,,,,,,,,,,,,,,,,,,,,,,,,,,,,,,,,2159067.0,73.562,22.2,4.506,2.647,2851.153,59.6,405.126,3.94,0.4,53.9,2.117,,54.33,0.527,,,,,,,,,,,,,,,,,,,,,
68953,LTU,2021-11-20,Europe,Lithuania,454199.0,1931.0,1773.571,6494.0,33.0,28.714,168855.874,717.881,659.354,2414.25,12.268,10.675,,,,,,,,,,,,,,,,,,,3575450.0,1852148.0,1763433.0,203352.0,3059.0,11270.0,132.92,68.86,65.56,7.56,4190.0,1996.0,0.074,,2689862.0,45.135,43.5,19.002,13.778,29524.265,0.7,342.989,3.67,21.3,38.0,,6.56,75.93,0.882,,,,,1996.0,0.074,11270.0,4190.0,3059.0,,,,,,,,,,,,
69589,LUX,2021-11-20,Europe,Luxembourg,85960.0,0.0,244.571,862.0,0.0,1.0,135409.742,0.0,385.265,1357.878,0.0,1.575,,,,,,,,,,,,,,,,,,,,,,,,,,,,,,,,,634814.0,231.447,39.7,14.312,9.842,94277.965,0.2,128.275,4.42,20.9,26.0,,4.51,82.25,0.916,,,,,,,,,,,,,,,,,,,,,
70227,LVA,2021-11-20,Europe,Latvia,245623.0,617.0,864.0,3940.0,20.0,29.429,131564.908,330.488,462.791,2110.412,10.713,15.763,,,,,,,,,,,,,,,,,,,,,,,,,,,,,,,,,1866934.0,31.212,43.9,19.754,14.136,25063.846,0.7,350.06,4.91,25.6,51.0,,5.57,75.29,0.866,,,,,,,,,,,,,,,,,,,,,
70497,MAC,2021-11-04,Asia,Macao,,,,,,,,,,,,,,,,,,,,,,,,,,,,,,,821561.0,464836.0,361897.0,,,3139.0,124.78,70.6,54.97,,4768.0,1383.0,0.21,37.96,658391.0,20546.766,39.2,9.798,4.991,104861.851,,,,,,,,84.24,,,,,,1383.0,0.21,3139.0,4768.0,,,,,,,,,,,,,
71150,MAR,2021-11-20,Africa,Morocco,948830.0,125.0,96.143,14761.0,3.0,3.0,25407.294,3.347,2.574,395.263,0.08,0.08,,,,,,,,,,,,,,,,,,,,,,,,,,,,,,,,,37344787.0,80.08,29.6,6.769,4.209,7485.013,1.0,419.146,7.14,0.8,47.1,,1.1,76.68,0.686,,,,,,,,,,,,,,,,,,,,,
71781,MCO,2021-11-20,Europe,Monaco,3552.0,2.0,10.571,36.0,0.0,0.0,89878.543,50.607,267.496,910.931,0.0,0.0,,,,,,,,,,,,,,,,,,,,,,,,,,,,,,,,,39520.0,19347.5,,,,,,,5.46,,,,13.8,86.75,,,,,,,,,,,,,,,,,,,,,,
72404,MDA,2021-11-20,Europe,Moldova,357831.0,620.0,737.286,8799.0,43.0,50.429,88923.652,154.075,183.221,2186.617,10.686,12.532,,,,,,,,,,,,,,,,,,,1590186.0,,915802.0,,1807.0,3316.0,39.52,,22.76,,824.0,,,,4024025.0,123.655,37.6,10.864,6.955,5189.972,0.2,408.502,5.72,5.9,44.6,86.979,5.8,71.9,0.75,,,,,,,3316.0,824.0,1807.0,,,,,,,,,,,,
73015,MDG,2021-11-20,Africa,Madagascar,43672.0,0.0,0.0,964.0,0.0,0.0,1536.268,0.0,0.0,33.911,0.0,0.0,,,,,,,,,,,,,,,,,,,,,,,,,,,,,,,,,28427333.0,43.951,19.6,2.929,1.686,1416.44,77.6,405.994,3.94,,,50.54,0.2,67.04,0.528,,,,,,,,,,,,,,,,,,,,,
73638,MDV,2021-11-20,Asia,Maldives,90601.0,137.0,126.857,248.0,0.0,0.143,166662.374,252.014,233.356,456.201,0.0,0.263,,,,,,,,,,,,,,,,,,,,,,,,,,,,,,,,,543620.0,1454.433,30.6,4.12,2.875,15183.616,,164.905,9.19,2.1,55.0,95.803,,78.92,0.74,,,,,,,,,,,,,,,,,,,,,
74328,MEX,2021-11-20,North America,Mexico,3858831.0,3837.0,2452.857,292145.0,216.0,181.857,29623.562,29.456,18.83,2242.745,1.658,1.396,,,,,,,,,,,,,,,,,,,130789808.0,75785054.0,64131916.0,,,169300.0,100.41,58.18,49.23,,1300.0,57854.0,0.044,,130262220.0,66.444,29.3,6.857,4.321,17336.469,2.5,152.783,13.06,6.9,21.4,87.847,1.38,75.05,0.779,,,,,57854.0,0.044,169300.0,1300.0,,,,,,,,,,,,,
74717,MHL,2021-11-20,Oceania,Marshall Islands,4.0,0.0,0.0,,,0.0,67.094,0.0,0.0,,,0.0,,,,,,,,,,,,,,,,,,,,,,,,,,,,,,,,,59618.0,295.15,,,,3819.202,,557.793,30.53,,,82.502,2.7,73.7,0.704,,,,,,,,,,,,,,,,,,,,,
75351,MKD,2021-11-20,Europe,North Macedonia,211831.0,449.0,405.571,7418.0,12.0,14.0,101711.704,215.59,194.737,3561.789,5.762,6.722,,,,,,,,,,,,,,,,,,,,,,,,,,,,,,,,,2082661.0,82.6,39.1,13.26,8.16,13111.214,5.0,322.688,10.08,,,,4.28,75.8,0.774,,,,,,,,,,,,,,,,,,,,,
75957,MLI,2021-11-20,Africa,Mali,16919.0,67.0,39.429,591.0,1.0,0.857,811.24,3.213,1.891,28.338,0.048,0.041,,,,,,,,,,,,,,,,,,,,,,,,,,,,,,,,,20855724.0,15.196,16.4,2.519,1.486,2014.306,,268.024,2.42,1.6,23.0,52.232,0.1,59.31,0.434,,,,,,,,,,,,,,,,,,,,,
76583,MLT,2021-11-20,Europe,Malta,38587.0,59.0,59.857,463.0,0.0,0.143,74766.518,114.319,115.98,897.113,0.0,0.277,,,,,,,,,,,,,,,,,,,,,,,,,,,,,,,,,516100.0,1454.037,42.4,19.426,11.324,36513.323,0.2,168.711,8.83,20.9,30.2,,4.485,82.53,0.895,,,,,,,,,,,,,,,,,,,,,
77187,MMR,2021-11-20,Asia,Myanmar,517395.0,625.0,692.429,19011.0,11.0,14.0,9440.479,11.404,12.634,346.878,0.201,0.255,,,,,,,,,,,,,,,,,,,,,,,,,,,,,,,,,54806014.0,81.721,29.1,5.732,3.12,5591.597,6.4,202.104,4.61,6.3,35.2,79.287,0.9,67.13,0.583,,,,,,,,,,,,,,,,,,,,,
77801,MNE,2021-11-20,Europe,Montenegro,154464.0,336.0,390.571,2239.0,2.0,5.571,245941.81,534.988,621.879,3564.997,3.184,8.871,,,,,,,,,,,,,,,,,,,520761.0,269436.0,251325.0,,,1001.0,82.92,42.9,40.02,,1594.0,643.0,0.102,,628051.0,46.28,39.1,14.762,9.395,16409.288,1.0,387.305,10.08,44.0,47.9,,3.861,76.88,0.829,,,,,643.0,0.102,1001.0,1594.0,,,,,,,,,,,,,
78422,MNG,2021-11-20,Asia,Mongolia,377387.0,509.0,742.857,1940.0,7.0,10.143,113353.87,152.886,223.128,582.708,2.103,3.047,,,,,,,,,,,,,,,,,,,,,,,,,,,,,,,,,3329282.0,1.98,28.6,4.031,2.421,11840.846,0.5,460.043,4.82,5.5,46.5,71.18,7.0,69.87,0.737,,,,,,,,,,,,,,,,,,,,,
79031,MOZ,2021-11-20,Africa,Mozambique,151488.0,11.0,9.429,1936.0,0.0,0.286,4710.002,0.342,0.293,60.193,0.0,0.009,,,,,,,,,,,,,,,,,,,,,,,,,,,,,,,,,32163045.0,37.728,17.7,3.158,1.87,1136.103,62.9,329.942,3.3,5.1,29.1,12.227,0.7,60.85,0.456,,,,,,,,,,,,,,,,,,,,,
79648,MRT,2021-11-20,Africa,Mauritania,38583.0,68.0,73.429,816.0,2.0,1.286,8080.023,14.241,15.377,170.886,0.419,0.269,,,,,,,,,,,,,,,,,,,,,,,,,,,,,,,,,4775110.0,4.289,20.3,3.138,1.792,3597.633,6.0,232.347,2.42,,,15.95,,64.92,0.546,,,,,,,,,,,,,,,,,,,,,
79926,MSR,2021-11-12,North America,Montserrat,,,,,,,,,,,,,,,,,,,,,,,,,,,,,,,2949.0,1531.0,1417.0,,,1.0,59.2,30.74,28.45,,201.0,1.0,0.02,,4981.0,,,,,,,,,,,,,74.16,,,,,,1.0,0.02,1.0,201.0,,,,,,,,,,,,,
80539,MUS,2021-11-20,Africa,Mauritius,18979.0,0.0,0.0,240.0,0.0,0.0,14903.866,0.0,0.0,188.468,0.0,0.0,,,,,,,,,,,,,,,,,,,,,,,,,,,,,,,,,1273428.0,622.962,37.4,10.945,5.884,20292.745,0.5,224.644,22.02,3.2,40.7,,3.4,74.99,0.804,,,,,,,,,,,,,,,,,,,,,
81141,MWI,2021-11-20,Africa,Malawi,61863.0,2.0,2.857,2304.0,1.0,0.286,3148.616,0.102,0.145,117.266,0.051,0.015,,,,,,,,,,,,,,,,,,,,,,,,,,,,,,,,,19647681.0,197.519,18.1,2.979,1.783,1095.042,71.4,227.349,3.94,4.4,24.7,8.704,1.3,64.26,0.483,,,,,,,,,,,,,,,,,,,,,
81808,MYS,2021-11-20,Asia,Malaysia,2581747.0,5859.0,5800.0,29978.0,41.0,49.571,78768.966,178.758,176.958,914.627,1.251,1.512,,,,,,,,,,,,,,,,,,,,,,,,,,,,,,,,,32776195.0,96.254,29.9,6.293,3.407,26808.164,0.1,260.942,16.74,1.0,42.4,,1.9,76.16,0.81,,,,,,,,,,,,,,,,,,,,,
82425,NAM,2021-11-20,Africa,Namibia,129076.0,0.0,5.0,3567.0,0.0,0.429,49887.452,0.0,1.932,1378.634,0.0,0.166,,,,,,,,,,,,,,,,,,,,,,,,,,,,,,,,,2587344.0,3.078,22.0,3.552,2.085,9541.808,13.4,243.811,3.94,9.7,34.2,44.6,,63.71,0.646,,,,,,,,,,,,,,,,,,,,,
82712,NCL,2021-11-15,Oceania,New Caledonia,,,,,,,,,,,,,,,,,,,,,,,,,,,,,,,342806.0,178199.0,164607.0,,,401.0,118.94,61.83,57.11,,1391.0,107.0,0.037,,288217.0,15.342,33.4,9.954,6.489,,,,23.36,,,,,77.55,,,,,,107.0,0.037,401.0,1391.0,,,,,,,,,,,,,
83323,NER,2021-11-20,Africa,Niger,6793.0,0.0,17.714,238.0,0.0,1.0,270.306,0.0,0.705,9.47,0.0,0.04,,,,,,,,,,,,,,,,,,,,,,,,,,,,,,,,,25130810.0,16.955,15.1,2.553,1.378,926.0,44.5,238.339,2.42,0.1,15.4,8.978,0.3,62.42,0.394,,,,,,,,,,,,,,,,,,,,,
83955,NGA,2021-11-20,Africa,Nigeria,213532.0,45.0,57.857,2973.0,0.0,1.857,1010.082,0.213,0.274,14.063,0.0,0.009,,,,,,,,,,,,,,,,,,,,,,,,,,,,,,,,,211400704.0,209.588,18.1,2.751,1.447,5338.454,,181.013,2.42,0.6,10.8,41.949,,54.69,0.539,,,,,,,,,,,,,,,,,,,,,
84567,NIC,2021-11-20,North America,Nicaragua,17023.0,0.0,20.857,211.0,0.0,0.143,2539.844,0.0,3.112,31.481,0.0,0.021,,,,,,,,,,,,,,,,,,,,,,,,,,,,,,,,,6702379.0,51.667,27.3,5.445,3.519,5321.444,3.2,137.016,11.47,,,,0.9,74.48,0.66,,,,,,,,,,,,,,,,,,,,,
84610,NIU,2021-08-02,Oceania,Niue,,,,,,,,,,,,,,,,,,,,,,,,,,,,,,,2352.0,1202.0,1150.0,,,42.0,145.72,74.47,71.25,,26022.0,1.0,0.062,,1614.0,,,,,,,,,,,,,73.71,,,,,,1.0,0.062,42.0,26022.0,,,,,,,,,,,,,
85243,NLD,2021-11-20,Europe,Netherlands,2462399.0,21860.0,19839.429,19400.0,56.0,32.714,143387.033,1272.921,1155.262,1129.674,3.261,1.905,,,,,,,,,,,,,,,,,,,,,,,,,,,,,,,,,17173094.0,508.544,43.2,18.779,11.881,48472.545,,109.361,5.29,24.4,27.3,,3.32,82.28,0.944,,,,,,,,,,,,,,,,,,,,,
85877,NOR,2021-11-20,Europe,Norway,241441.0,1338.0,2010.143,999.0,0.0,7.0,44174.422,244.803,367.779,182.779,0.0,1.281,,,,,,,,,,,,,,,,,,,,,,,,,,,,,,,,,5465629.0,14.462,39.7,16.821,10.813,64800.057,0.2,114.316,5.31,19.6,20.7,,3.6,82.4,0.957,,,,,,,,,,,,,,,,,,,,,
86543,NPL,2021-11-20,Asia,Nepal,818787.0,209.0,301.714,11495.0,1.0,3.429,27591.886,7.043,10.167,387.364,0.034,0.116,,,,,,,,,,,,,,,,,,,,,,,,,,,,,,,,,29674920.0,204.43,25.0,5.809,3.212,2442.804,15.0,260.797,7.26,9.5,37.8,47.782,0.3,70.78,0.602,,,,,,,,,,,,,,,,,,,,,
86689,NRU,2021-08-31,Oceania,Nauru,,,,,,,,,,,,,,,,,,,,,,,,,,,,,,,14863.0,7612.0,7251.0,,,2.0,136.7,70.01,66.69,,184.0,2.0,0.018,,10873.0,682.45,,,,12895.635,,,24.07,43.0,36.9,,5.0,59.96,,,,,,2.0,0.018,2.0,184.0,,,,,,,,,,,,,
87321,NZL,2021-11-20,Oceania,New Zealand,9973.0,149.0,182.857,39.0,0.0,0.857,1946.863,29.087,35.696,7.613,0.0,0.167,,,,,,,,,,,,,,,,,,,7341475.0,3838939.0,3502536.0,,,20494.0,143.32,74.94,68.37,,4001.0,6454.0,0.126,,5122600.0,18.206,37.9,15.322,9.72,36085.843,,128.797,8.08,14.8,17.2,,2.61,82.29,0.931,,,,,6454.0,0.126,20494.0,4001.0,,,,,,,,,,,,,
87957,OMN,2021-11-20,Asia,Oman,304466.0,0.0,8.0,4113.0,0.0,0.0,58289.122,0.0,1.532,787.422,0.0,0.0,,,,,,,,,,,,,,,,,,,,,,,,,,,,,,,,,5223376.0,14.98,30.7,2.355,1.53,37960.709,,266.342,12.61,0.5,15.6,97.4,1.6,77.86,0.813,,,,,,,,,,,,,,,,,,,,,
88604,OWID_AFR,2021-11-20,,Africa,8580166.0,2812.0,3293.429,221487.0,103.0,99.857,6246.997,2.047,2.398,161.259,0.075,0.073,,,,,,,,,,,,,,,,,,,222922065.0,138778240.0,94110455.0,295394.0,33513.0,1037101.0,16.23,10.1,6.85,0.02,755.0,564440.0,0.041,,1373486472.0,,,,,,,,,,,,,,,,,,,564440.0,0.041,1037101.0,755.0,33513.0,,,,,,,,,,,,
89273,OWID_ASI,2021-11-20,,Asia,81225306.0,86760.0,87388.0,1204845.0,1367.0,1431.714,17361.603,18.545,18.679,257.531,0.292,0.306,,,,,,,,,,,,,,,,,,,5209159472.0,2878525776.0,2168406457.0,95994737.0,21019815.0,19903653.0,111.34,61.53,46.35,2.05,4254.0,22120288.0,0.473,,4678444992.0,,,,,,,,,,,,,,,,,,,22120288.0,0.473,19903653.0,4254.0,21019815.0,,,,,,,,,,,,
89583,OWID_CYN,2021-11-19,Asia,Northern Cyprus,,,,,,,,,,,,,,,,,,,,,,,,,,,,,,,575309.0,279313.0,268242.0,62976.0,,1622.0,150.51,73.07,70.18,16.48,4244.0,239.0,0.063,,,,,,,,,,,,,,,,,,,,,239.0,0.063,1622.0,4244.0,,,,,,,,,,,,,
89897,OWID_ENG,2021-11-19,,,,,,,,,,,,,,,,,,,,,,,,,,,,,,,,,,,,,,,,,,,,,,,,,,,,,,,,,,,,,,,,,,25803.0,0.046,334785.0,5920.0,348606.0,,,,,,,,,,,,
90565,OWID_EUN,2021-11-20,,European Union,44228542.0,210838.0,214339.429,828476.0,1296.0,1653.0,98903.264,471.473,479.303,1852.627,2.898,3.696,,,,,,,,,,,,,,,,,,,617852497.0,312979560.0,297930374.0,26293799.0,435804.0,1382625.0,138.16,69.99,66.62,5.88,3092.0,485924.0,0.109,,447189915.0,,,,,,,,,,,,,,,,,,,485924.0,0.109,1382625.0,3092.0,435804.0,,,,,,,,,,,,
91233,OWID_EUR,2021-11-20,,Europe,71150407.0,314085.0,324268.0,1382047.0,3500.0,3894.571,94998.563,419.36,432.956,1845.281,4.673,5.2,,,,,,,,,,,,,,,,,,,914925267.0,461989400.0,427360525.0,46022186.0,2273070.0,3014924.0,122.16,61.68,57.06,6.14,4025.0,1052822.0,0.141,,748962983.0,,,,,,,,,,,,,,,,,,,1052822.0,0.141,3014924.0,4025.0,2273070.0,,,,,,,,,,,,
91902,OWID_HIC,2021-11-20,,High income,111146866.0,302379.0,362217.571,1804462.0,1614.0,2629.286,91484.155,248.886,298.139,1485.239,1.328,2.164,,,,,,,,,,,,,,,,,,,1768309914.0,889605389.0,812636946.0,95188704.0,673566.0,3507597.0,145.55,73.22,66.89,7.83,2887.0,687898.0,0.057,,1214930230.0,,,,,,,,,,,,,,,,,,,687898.0,0.057,3507597.0,2887.0,673566.0,,,,,,,,,,,,
92555,OWID_INT,2021-11-20,,International,721.0,0.0,0.0,15.0,0.0,0.0,,,,,,,,,,,,,,,,,,,,,,,,,,,,,,,,,,,,,,,,,,,,,,,,,,,,,,,,,,,,,,,,,,,,,,,,,,
93172,OWID_KOS,2021-11-20,Europe,Kosovo,160999.0,7.0,9.286,2982.0,1.0,0.286,90341.532,3.928,5.211,1673.293,0.561,0.16,,,,,,,,,,,,,,,,,,,,,,,,,,,,,,,,,1782115.0,168.155,,,,9795.834,0.6,,,,,,,,,,,,,,,,,,,,,,,,,,,,,
93809,OWID_LIC,2021-11-20,,Low income,1372397.0,470.0,709.0,37119.0,25.0,39.571,2063.292,0.707,1.066,55.806,0.038,0.059,,,,,,,,,,,,,,,,,,,,,,,,,,,,,,,,,665149040.0,,,,,,,,,,,,,,,,,,,,,,,,,,,,,,,,,,,
94478,OWID_LMC,2021-11-20,,Lower middle income,63243718.0,51530.0,53630.571,1139765.0,1598.0,1639.0,18988.387,15.471,16.102,342.205,0.48,0.492,,,,,,,,,,,,,,,,,,,2225058454.0,1386456135.0,832228354.0,3751334.0,11707307.0,11490877.0,66.81,41.63,24.99,0.11,3450.0,3738987.0,0.112,,3330652550.0,,,,,,,,,,,,,,,,,,,3738987.0,0.112,11490877.0,3450.0,11707307.0,,,,,,,,,,,,
95147,OWID_NAM,2021-11-20,,North America,57156454.0,50437.0,101012.143,1157140.0,606.0,1401.429,95806.65,84.543,169.318,1939.618,1.016,2.349,,,,,,,,,,,,,,,,,,,727354066.0,377447343.0,322093354.0,37441387.0,585761.0,1359001.0,121.92,63.27,53.99,6.28,2278.0,394505.0,0.066,,596581283.0,,,,,,,,,,,,,,,,,,,394505.0,0.066,1359001.0,2278.0,585761.0,,,,,,,,,,,,
95461,OWID_NIR,2021-11-19,,,,,,,,,,,,,,,,,,,,,,,,,,,,,,,,,,,,,,,,,,,,,,,,,,,,,,,,,,,,,,,,,,1700.0,0.09,14346.0,7566.0,11521.0,,,,,,,,,,,,
96127,OWID_OCE,2021-11-20,,Oceania,294935.0,1614.0,1623.143,3163.0,6.0,19.714,6824.047,37.344,37.555,73.184,0.139,0.456,,,,,,,,,,,,,,,,,,,48724799.0,25358204.0,23133721.0,331734.0,158274.0,140739.0,112.74,58.67,53.53,0.77,3256.0,44185.0,0.102,,43219954.0,,,,,,,,,,,,,,,,,,,44185.0,0.102,140739.0,3256.0,158274.0,,,,,,,,,,,,
96765,OWID_SAM,2021-11-20,,South America,38759838.0,20961.0,18352.571,1177770.0,366.0,359.571,89254.884,48.268,42.262,2712.13,0.843,0.828,,,,,,,,,,,,,,,,,,,563310824.0,309178712.0,242314337.0,23204211.0,214268.0,1426241.0,129.72,71.2,55.8,5.34,3284.0,404953.0,0.093,,434260137.0,,,,,,,,,,,,,,,,,,,404953.0,0.093,1426241.0,3284.0,214268.0,,,,,,,,,,,,
97079,OWID_SCT,2021-11-19,,,,,,,,,,,,,,,,,,,,,,,,,,,,,,,,,,,,,,,,,,,,,,,,,,,,,,,,,,,,,,,,,,1493.0,0.027,35234.0,6446.0,35645.0,,,,,,,,,,,,
97748,OWID_UMC,2021-11-20,,Upper middle income,81404098.0,122290.0,119380.143,2165106.0,2711.0,2899.0,32384.524,48.65,47.492,861.332,1.079,1.153,,,,,,,,,,,,,,,,,,,3646454230.0,1882154161.0,1614200594.0,104349611.0,11903828.0,11044530.0,145.06,74.88,64.22,4.15,4394.0,19425416.0,0.773,,2513672790.0,,,,,,,,,,,,,,,,,,,19425416.0,0.773,11044530.0,4394.0,11903828.0,,,,,,,,,,,,
98062,OWID_WLS,2021-11-19,,,,,,,,,,,,,,,,,,,,,,,,,,,,,,,,,,,,,,,,,,,,,,,,,,,,,,,,,,,,,,,,,,791.0,0.025,13451.0,4243.0,0.0,,,,,,,,,,,,
98731,OWID_WRL,2021-11-20,,World,257168692.0,476669.0,535937.286,5146467.0,5948.0,7206.857,32656.484,60.53,68.056,653.522,0.755,0.915,,,,,,,,,,,,,,,,,,,7686396493.0,4191277675.0,3277418849.0,203289649.0,24284701.0,26881659.0,97.61,53.22,41.62,2.58,3414.0,24581193.0,0.312,,7874965730.0,58.045,30.9,8.696,5.355,15469.207,10.0,233.07,8.51,6.434,34.635,60.13,2.705,72.58,0.737,,,,,24581193.0,0.312,26881659.0,3414.0,24284701.0,,,,,,,,,,,,
99366,PAK,2021-11-20,Asia,Pakistan,1281872.0,313.0,357.0,28659.0,4.0,9.143,5692.151,1.39,1.585,127.26,0.018,0.041,,,,,,,,,,,,,,,,,,,,,,,,,,,,,,,,,225199929.0,255.573,23.5,4.495,2.78,5034.708,4.0,423.031,8.35,2.8,36.7,59.607,0.6,67.27,0.557,,,,,,,,,,,,,,,,,,,,,
99988,PAN,2021-11-20,North America,Panama,475835.0,466.0,197.429,7352.0,2.0,1.571,108598.879,106.354,45.059,1677.932,0.456,0.359,,,,,,,,,,,,,,,,,,,5554481.0,2997886.0,2411769.0,144826.0,8244.0,6885.0,126.77,68.42,55.04,3.31,1571.0,1382.0,0.032,,4381583.0,55.133,29.7,7.918,5.03,22267.037,2.2,128.346,8.33,2.4,9.9,,2.3,78.51,0.815,,,,,1382.0,0.032,6885.0,1571.0,8244.0,,,,,,,,,,,,
100073,PCN,2021-09-07,Oceania,Pitcairn,,,,,,,,,,,,,,,,,,,,,,,,,,,,,,,94.0,47.0,47.0,,,0.0,200.0,100.0,100.0,,0.0,0.0,0.0,,47.0,,,,,,,,,,,,,,,,,,,0.0,0.0,0.0,0.0,,,,,,,,,,,,,
100763,PER,2021-11-20,South America,Peru,2222879.0,1725.0,1333.0,200833.0,32.0,32.571,66634.232,51.71,39.959,6020.279,0.959,0.976,,,,,,,,,,,,,,,,,,,,,,,,,,,,,,,,,33359415.0,25.129,29.1,7.151,4.455,12236.706,3.5,85.755,5.95,4.8,,,1.6,76.74,0.777,,,,,,,,,,,,,,,,,,,,,
101424,PHL,2021-11-20,Asia,Philippines,2824499.0,1289.0,1345.571,46903.0,205.0,233.0,25435.188,11.608,12.117,422.371,1.846,2.098,,,,,,,,,,,,,,,,,,,,,,,,,,,,,,,,,111046910.0,351.873,25.2,4.803,2.661,7599.188,,370.437,7.07,7.8,40.8,78.463,1.0,71.23,0.718,,,,,,,,,,,,,,,,,,,,,
101515,PLW,2021-11-20,Oceania,Palau,8.0,0.0,0.0,,,0.0,440.189,0.0,0.0,,,0.0,,,,,,,,,,,,,,,,,,,,,,,,,,,,,,,,,18174.0,47.237,,,,13240.405,,,15.89,7.7,22.7,,4.8,73.7,0.826,,,,,,,,,,,,,,,,,,,,,
102126,PNG,2021-11-20,Oceania,Papua New Guinea,34022.0,0.0,170.286,484.0,0.0,7.714,3730.889,0.0,18.674,53.076,0.0,0.846,,,,,,,,,,,,,,,,,,,,,,,,,,,,,,,,,9119005.0,18.22,22.6,3.808,2.142,3823.194,,561.494,17.65,23.5,48.8,,,64.5,0.555,,,,,,,,,,,,,,,,,,,,,
102753,POL,2021-11-20,Europe,Poland,3326464.0,23418.0,19485.286,80781.0,382.0,280.0,88008.678,619.573,515.525,2137.233,10.107,7.408,,,,,,,,,,,,,,,,,,,40571910.0,20619823.0,20264284.0,2017196.0,85202.0,98892.0,107.34,54.55,53.61,5.34,2616.0,21843.0,0.058,,37797000.0,124.027,41.8,16.763,10.202,27216.445,,227.331,5.91,23.3,33.1,,6.62,78.73,0.88,,,,,21843.0,0.058,98892.0,2616.0,85202.0,,,,,,,,,,,,
103394,PRT,2021-11-20,Europe,Portugal,1119784.0,2333.0,1968.429,18310.0,10.0,9.714,110129.079,229.447,193.592,1800.761,0.983,0.955,,,,,,,,,,,,,,,,,,,,,,,,,,,,,,,,,10167923.0,112.371,46.2,21.502,14.924,27936.896,0.5,127.842,9.85,16.3,30.0,,3.39,82.05,0.864,,,,,,,,,,,,,,,,,,,,,
104018,PRY,2021-11-20,South America,Paraguay,462198.0,0.0,82.0,16354.0,0.0,10.857,64019.527,0.0,11.358,2265.21,0.0,1.504,,,,,,,,,,,,,,,,,,,,,,,,,,,,,,,,,7219641.0,17.144,26.5,6.378,3.833,8827.01,1.7,199.128,8.27,5.0,21.6,79.602,1.3,74.25,0.728,,,,,,,,,,,,,,,,,,,,,
104644,PSE,2021-11-20,Asia,Palestine,457950.0,0.0,188.286,4770.0,0.0,3.857,87683.591,0.0,36.051,913.311,0.0,0.739,,,,,,,,,,,,,,,,,,,,,,,,,,,,,,,,,5222756.0,778.202,20.4,3.043,1.726,4449.898,1.0,265.91,10.59,,,,,74.05,0.708,,,,,,,,,,,,,,,,,,,,,
104931,PYF,2021-11-15,Oceania,French Polynesia,,,,,,,,,,,,,,,,,,,,,,,,,,,,,,,312817.0,159343.0,153474.0,,,592.0,110.72,56.4,54.32,,2095.0,143.0,0.051,,282534.0,77.324,32.7,7.775,4.593,,,,22.63,,,,,77.66,,,,,,143.0,0.051,592.0,2095.0,,,,,,,,,,,,,
105562,QAT,2021-11-20,Asia,Qatar,241969.0,150.0,143.429,611.0,0.0,0.0,82568.51,51.185,48.943,208.495,0.0,0.0,,,,,,,,,,,,,,,,,,,4911463.0,,,,,4838.0,167.6,,,,1651.0,,,,2930524.0,227.322,31.9,1.307,0.617,116935.6,,176.69,16.52,0.8,26.9,,1.2,80.23,0.848,,,,,,,4838.0,1651.0,,,,,,,,,,,,,
106196,ROU,2021-11-20,Europe,Romania,1760765.0,2697.0,3068.857,54838.0,214.0,286.0,92052.802,140.999,160.44,2866.931,11.188,14.952,,,,,,,,,,,,,,,,,,,,,,,,,,,,,,,,,19127772.0,85.129,43.0,17.85,11.69,23313.199,5.7,370.946,9.74,22.9,37.1,,6.892,76.05,0.828,,,,,,,,,,,,,,,,,,,,,
106856,RUS,2021-11-20,Europe,Russia,9135149.0,35896.0,36263.286,257891.0,1222.0,1210.857,62607.24,246.011,248.528,1767.442,8.375,8.299,,,,,,,,,,,,,,,,,,,119759585.0,63496542.0,53578117.0,3552925.0,1680955.0,938985.0,82.08,43.52,36.72,2.43,6435.0,419224.0,0.287,,145912022.0,8.823,39.6,14.178,9.393,24765.954,0.1,431.297,6.18,23.4,58.3,,8.05,72.58,0.824,,,,,419224.0,0.287,938985.0,6435.0,1680955.0,,,,,,,,,,,,
107473,RWA,2021-11-20,Africa,Rwanda,100207.0,11.0,11.714,1340.0,1.0,0.286,7547.687,0.829,0.882,100.93,0.075,0.022,,,,,,,,,,,,,,,,,,,,,,,,,,,,,,,,,13276517.0,494.869,20.3,2.974,1.642,1854.211,56.0,191.375,4.28,4.7,21.0,4.617,,69.02,0.543,,,,,,,,,,,,,,,,,,,,,
108102,SAU,2021-11-20,Asia,Saudi Arabia,549443.0,31.0,35.857,8823.0,1.0,1.714,15547.041,0.877,1.015,249.656,0.028,0.049,,,,,,,,,,,,,,,,,,,47013241.0,24492088.0,22192521.0,,33625.0,48671.0,133.03,69.3,62.8,,1377.0,14733.0,0.042,,35340680.0,15.322,31.9,3.295,1.845,49045.411,,259.538,17.72,1.8,25.4,,2.7,75.13,0.854,,,,,14733.0,0.042,48671.0,1377.0,33625.0,,,,,,,,,,,,
108721,SDN,2021-11-20,Africa,Sudan,41558.0,0.0,66.429,3099.0,0.0,0.0,925.375,0.0,1.479,69.006,0.0,0.0,,,,,,,,,,,,,,,,,,,,,,,,,,,,,,,,,44909351.0,23.258,19.7,3.548,2.034,4466.507,,431.388,15.67,,,23.437,0.8,65.31,0.51,,,,,,,,,,,,,,,,,,,,,
109353,SEN,2021-11-20,Africa,Senegal,73965.0,0.0,2.0,1883.0,0.0,0.286,4301.214,0.0,0.116,109.5,0.0,0.017,,,,,,,,,,,,,,,,,,,,,,,,,,,,,,,,,17196308.0,82.328,18.7,3.008,1.796,2470.58,38.0,241.219,2.42,0.4,16.6,20.859,,67.94,0.512,,,,,,,,,,,,,,,,,,,,,
110021,SGP,2021-11-20,Asia,Singapore,250518.0,1931.0,2148.286,654.0,13.0,11.143,45936.262,354.078,393.921,119.921,2.384,2.043,,,,,,,,,,,,,,,,,,,,,,,,,,,,,,,,,5453600.0,7915.731,42.4,12.922,7.049,85535.383,,92.243,10.99,5.2,28.3,,2.4,83.62,0.938,,,,,,,,,,,,,,,,,,,,,
110113,SHN,2021-05-05,Africa,Saint Helena,,,,,,,,,,,,,,,,,,,,,,,,,,,,,,,7892.0,4361.0,3531.0,,,97.0,129.48,71.55,57.93,,15915.0,0.0,0.0,,6095.0,,,,,,,,,,,,,80.56,,,,,,0.0,0.0,97.0,15915.0,,,,,,,,,,,,,
110518,SLB,2021-11-20,Oceania,Solomon Islands,20.0,0.0,0.0,,,0.0,28.409,0.0,0.0,,,0.0,,,,,,,,,,,,,,,,,,,,,,,,,,,,,,,,,703995.0,21.841,20.8,3.507,2.043,2205.923,25.1,459.78,18.68,,,35.89,1.4,73.0,0.567,,,,,,,,,,,,,,,,,,,,,
111118,SLE,2021-11-20,Africa,Sierra Leone,6400.0,0.0,0.0,121.0,0.0,0.0,786.111,0.0,0.0,14.862,0.0,0.0,,,,,,,,,,,,,,,,,,,,,,,,,,,,,,,,,8141343.0,104.7,19.1,2.538,1.285,1390.3,52.2,325.721,2.42,8.8,41.3,19.275,,54.7,0.452,,,,,,,,,,,,,,,,,,,,,
111730,SLV,2021-11-20,North America,El Salvador,118041.0,0.0,45.571,3751.0,5.0,4.286,18108.614,0.0,6.991,575.439,0.767,0.657,,,,,,,,,,,,,,,,,,,,,,,,,,,,,,,,,6518500.0,307.811,27.6,8.273,5.417,7292.458,2.2,167.295,8.87,2.5,18.8,90.65,1.3,73.32,0.673,,,,,,,,,,,,,,,,,,,,,
112361,SMR,2021-11-20,Europe,San Marino,5758.0,0.0,19.143,93.0,0.0,0.143,169303.146,0.0,562.86,2734.49,0.0,4.2,,,,,,,,,,,,,,,,,,,,,,,,,,,,,,,,,34010.0,556.667,,,,56861.47,,,5.64,,,,3.8,84.97,,,,,,,,,,,,,,,,,,,,,,
112976,SOM,2021-11-20,Africa,Somalia,22969.0,0.0,18.857,1324.0,0.0,1.571,1404.016,0.0,1.153,80.932,0.0,0.096,,,,,,,,,,,,,,,,,,,,,,,,,,,,,,,,,16359500.0,23.5,16.8,2.731,1.496,,,365.769,6.05,,,9.831,0.9,57.4,,,,,,,,,,,,,,,,,,,,,,
113610,SRB,2021-11-20,Europe,Serbia,1230976.0,2648.0,3227.143,11166.0,51.0,55.0,179141.029,385.357,469.638,1624.962,7.422,8.004,,,,,,,,,,,,,,,,,,,,,,,,,,,,,,,,,6871547.0,80.291,41.2,17.366,,14048.881,,439.415,10.08,37.7,40.2,97.719,5.609,76.0,0.806,,,,,,,,,,,,,,,,,,,,,
114205,SSD,2021-11-20,Africa,South Sudan,12638.0,0.0,11.429,133.0,0.0,0.0,1110.41,0.0,1.004,11.686,0.0,0.0,,,,,,,,,,,,,,,,,,,,,,,,,,,,,,,,,11381377.0,,19.2,3.441,2.032,1569.888,,280.775,10.43,,,,,57.85,0.433,,,,,,,,,,,,,,,,,,,,,
114799,STP,2021-11-20,Africa,Sao Tome and Principe,3731.0,0.0,0.143,56.0,0.0,0.0,16703.677,0.0,0.64,250.712,0.0,0.0,,,,,,,,,,,,,,,,,,,,,,,,,,,,,,,,,223364.0,212.841,18.7,2.886,2.162,3052.714,32.3,270.113,2.42,,,41.34,2.9,70.39,0.625,,,,,,,,,,,,,,,,,,,,,
115416,SUR,2021-11-20,South America,Suriname,50410.0,54.0,56.714,1146.0,3.0,1.857,85181.092,91.247,95.834,1936.472,5.069,3.138,,,,,,,,,,,,,,,,,,,470244.0,255589.0,214655.0,,181.0,922.0,79.46,43.19,36.27,,1558.0,271.0,0.046,,591798.0,3.612,29.6,6.933,4.229,13767.119,,258.314,12.54,7.4,42.9,67.779,3.1,71.68,0.738,,,,,271.0,0.046,922.0,1558.0,181.0,,,,,,,,,,,,
116041,SVK,2021-11-20,Europe,Slovakia,1064680.0,12935.0,9595.143,13818.0,37.0,47.571,194970.412,2368.733,1757.119,2530.433,6.776,8.712,,,,,,,,,,,,,,,,,,,,,,,,,,,,,,,,,5460726.0,113.128,41.2,15.07,9.167,30155.152,0.7,287.959,7.29,23.1,37.7,,5.82,77.54,0.86,,,,,,,,,,,,,,,,,,,,,
116699,SVN,2021-11-20,Europe,Slovenia,398439.0,3236.0,3237.714,5044.0,22.0,17.714,191674.889,1556.725,1557.55,2426.49,10.583,8.522,,,,,,,,,,,,,,,,,,,2359521.0,1220991.0,1138530.0,,1315.0,2868.0,113.51,58.74,54.77,,1380.0,1827.0,0.088,,2078723.0,102.619,44.5,19.062,12.93,31400.84,,153.493,7.25,20.1,25.0,,4.5,81.32,0.917,,,,,1827.0,0.088,2868.0,1380.0,1315.0,,,,,,,,,,,,
117358,SWE,2021-11-20,Europe,Sweden,1188735.0,0.0,894.857,15110.0,0.0,4.0,116999.645,0.0,88.075,1487.181,0.0,0.394,,,,,,,,,,,,,,,,,,,,,,,,,,,,,,,,19.44,10160159.0,24.718,41.0,19.985,13.433,46949.283,0.5,133.982,4.79,18.8,18.9,,2.22,82.8,0.945,,,,,,,,,,,,,,,,,,,,,
117975,SWZ,2021-11-20,Africa,Eswatini,46486.0,1.0,2.0,1248.0,0.0,0.429,39651.338,0.853,1.706,1064.511,0.0,0.366,,,,,,,,,,,,,,,,,,,,,,,,,,,,,,,,,1172369.0,79.492,21.5,3.163,1.845,7738.975,,333.436,3.94,1.7,16.5,24.097,2.1,60.19,0.611,,,,,,,,,,,,,,,,,,,,,
118168,SXM,2021-11-12,North America,Sint Maarten (Dutch part),,,,,,,,,,,,,,,,,,,,,,,,,,,,,,,51155.0,26640.0,24515.0,,,30.0,117.81,61.35,56.46,,691.0,17.0,0.039,,43421.0,1209.088,,,,36327.232,,,,,,,,78.95,,,,,,17.0,0.039,30.0,691.0,,,,,,,,,,,,,
118784,SYC,2021-11-20,Africa,Seychelles,22895.0,0.0,37.429,125.0,0.0,0.429,231473.056,0.0,378.41,1263.775,0.0,4.333,,,,,,,,,,,,,,,,,,,,,,,,,,,,,,,,,98910.0,208.354,36.2,8.606,5.586,26382.287,1.1,242.648,10.55,7.1,35.7,,3.6,73.4,0.796,,,,,,,,,,,,,,,,,,,,,
119393,SYR,2021-11-20,Asia,Syria,47091.0,125.0,137.286,2699.0,6.0,5.429,2576.7,6.84,7.512,147.682,0.328,0.297,,,,,,,,,,,,,,,,,,,,,,,,,,,,,,,,,18275704.0,,21.7,,2.577,,,376.264,,,,70.598,1.5,72.7,0.567,,,,,,,,,,,,,,,,,,,,,
119693,TCA,2021-11-05,North America,Turks and Caicos Islands,,,,,,,,,,,,,,,,,,,,,,,,,,,,,,,56343.0,29210.0,27133.0,,,69.0,143.64,74.47,69.17,,1759.0,32.0,0.082,,39226.0,37.312,,,,,,,,,,,,80.22,,,,,,32.0,0.082,69.0,1759.0,,,,,,,,,,,,,
120305,TCD,2021-11-20,Africa,Chad,5107.0,0.0,0.0,175.0,0.0,0.0,301.922,0.0,0.0,10.346,0.0,0.0,,,,,,,,,,,,,,,,,,,,,,,,,,,,,,,,,16914985.0,11.833,16.7,2.486,1.446,1768.153,38.4,280.995,6.1,,,5.818,,54.24,0.398,,,,,,,,,,,,,,,,,,,,,
120932,TGO,2021-11-20,Africa,Togo,26199.0,0.0,7.286,243.0,0.0,0.0,3090.145,0.0,0.859,28.662,0.0,0.0,,,,,,,,,,,,,,,,,,,,,,,,,,,,,,,,,8478242.0,143.366,19.4,2.839,1.525,1429.813,49.2,280.033,6.15,0.9,14.2,10.475,0.7,61.04,0.515,,,,,,,,,,,,,,,,,,,,,
121619,THA,2021-11-20,Asia,Thailand,2057575.0,6595.0,6606.286,20358.0,53.0,52.714,29414.584,94.28,94.442,291.033,0.758,0.754,,,,,,,,,,,,,,,,,,,88330952.0,46473004.0,38836504.0,3021444.0,,605198.0,126.28,66.44,55.52,4.32,8652.0,200529.0,0.287,,69950844.0,135.132,40.1,11.373,6.89,16277.671,0.1,109.861,7.04,1.9,38.8,90.67,2.1,77.15,0.777,,,,,200529.0,0.287,605198.0,8652.0,,,,,,,,,,,,,
122188,TJK,2021-11-20,Asia,Tajikistan,17489.0,0.0,0.143,125.0,0.0,0.0,1793.813,0.0,0.015,12.821,0.0,0.0,,,,,,,,,,,,,,,,,,,,,,,,,,,,,,,,,9749625.0,64.281,23.3,3.466,2.155,2896.913,4.8,427.698,7.11,,,72.704,4.8,71.1,0.668,,,,,,,,,,,,,,,,,,,,,
122302,TKL,2021-10-12,Oceania,Tokelau,,,,,,,,,,,,,,,,,,,,,,,,,,,,,,,1936.0,968.0,968.0,,,17.0,141.52,70.76,70.76,,12427.0,0.0,0.0,,1368.0,,,,,,,,,,,,,81.86,,,,,,0.0,0.0,17.0,12427.0,,,,,,,,,,,,,
122485,TKM,2021-08-29,Asia,Turkmenistan,,,,,,,,,,,,,,,,,,,,,,,,,,,,,,,7580976.0,4374694.0,3206282.0,,,41369.0,123.91,71.51,52.41,,6762.0,23860.0,0.39,62.5,6117933.0,12.253,26.9,4.277,2.541,16389.023,,536.783,7.11,,,100.0,7.4,68.19,0.715,,,,,23860.0,0.39,41369.0,6762.0,,,,,,,,,,,,,
123094,TLS,2021-11-20,Asia,Timor,19819.0,3.0,1.429,122.0,0.0,0.0,14747.651,2.232,1.063,90.782,0.0,0.0,,,,,,,,,,,,,,,,,,,,,,,,,,,,,,,,,1343875.0,87.176,18.0,3.556,1.897,6570.102,30.3,335.346,6.86,6.3,78.1,28.178,5.9,69.5,0.606,,,,,,,,,,,,,,,,,,,,,
123309,TON,2021-11-20,Oceania,Tonga,1.0,0.0,0.0,,,0.0,9.367,0.0,0.0,,,0.0,,,,,,,,,,,,,,,,,,,,,,,,,,,,,,,,,106759.0,150.028,22.3,5.82,4.032,5425.621,,227.49,15.42,11.8,44.4,,2.6,70.91,0.725,,,,,,,,,,,,,,,,,,,,,
123926,TTO,2021-11-20,North America,Trinidad and Tobago,65485.0,592.0,509.0,1947.0,28.0,13.857,46662.543,421.841,362.697,1387.371,19.952,9.874,,,,,,,,,,,,,,,,,,,1271530.0,637017.0,634513.0,,2092.0,1858.0,90.61,45.39,45.21,,1324.0,735.0,0.052,,1403374.0,266.886,36.2,10.014,5.819,28763.071,,228.467,10.97,,,89.443,3.0,73.51,0.796,,,,,735.0,0.052,1858.0,1324.0,2092.0,,,,,,,,,,,,
124553,TUN,2021-11-20,Africa,Tunisia,716183.0,109.0,78.0,25340.0,6.0,4.571,60003.113,9.132,6.535,2123.031,0.503,0.383,,,,,,,,,,,,,,,,,,,,,,,,,,,,,,,,,11935764.0,74.228,32.7,8.001,5.075,10849.297,2.0,318.991,8.52,1.1,65.8,78.687,2.3,76.7,0.74,,,,,,,,,,,,,,,,,,,,,
125173,TUR,2021-11-20,Asia,Turkey,8552347.0,23347.0,23405.0,74847.0,201.0,215.0,100565.285,274.533,275.215,880.11,2.364,2.528,,,,,,,,,,,,,,,,,,,119272284.0,56026218.0,50012340.0,13233726.0,71817.0,138515.0,140.25,65.88,58.81,15.56,1629.0,30797.0,0.036,,85042736.0,104.914,31.6,8.153,5.061,25129.341,0.2,171.285,12.13,14.1,41.1,,2.81,77.69,0.82,,,,,30797.0,0.036,138515.0,1629.0,71817.0,,,,,,,,,,,,
125352,TUV,2021-10-22,Oceania,Tuvalu,,,,,,,,,,,,,,,,,,,,,,,,,,,,,,,12114.0,6230.0,5884.0,,,30.0,101.58,52.24,49.34,,2516.0,0.0,0.0,,11925.0,373.067,,,,3575.104,3.3,,27.25,,,,,67.57,,,,,,0.0,0.0,30.0,2516.0,,,,,,,,,,,,,
126027,TWN,2021-11-20,Asia,Taiwan,16520.0,4.0,5.857,848.0,0.0,0.0,692.517,0.168,0.246,35.548,0.0,0.0,,,,,,,,,,,,,,,,,,,,,,,,,,,,,,,,,23855008.0,,42.2,,8.353,,,103.957,,,,,,80.46,,,,,,,,,,,,,,,,,,,,,,
126642,TZA,2021-11-20,Africa,Tanzania,26227.0,0.0,4.429,727.0,0.0,0.286,426.466,0.0,0.072,11.821,0.0,0.005,,,,,,,,,,,,,,,,,,,,,,,,,,,,,,,,,61498438.0,64.699,17.7,3.108,1.874,2683.304,49.1,217.288,5.75,3.3,26.7,47.953,0.7,65.46,0.529,,,,,,,,,,,,,,,,,,,,,
127252,UGA,2021-11-20,Africa,Uganda,127128.0,0.0,34.143,3256.0,0.0,2.714,2697.76,0.0,0.725,69.095,0.0,0.058,,,,,,,,,,,,,,,,,,,,,,,,,,,,,,,,,47123533.0,213.759,16.4,2.168,1.308,1697.707,41.6,213.333,2.5,3.4,16.7,21.222,0.5,63.37,0.544,,,,,,,,,,,,,,,,,,,,,
127880,UKR,2021-11-20,Europe,Ukraine,3481347.0,19474.0,18236.143,85847.0,696.0,684.714,80092.053,448.02,419.542,1975.001,16.012,15.753,,,,,,,,,,,,,,,,,,,22569609.0,12805744.0,9784545.0,,152321.0,245158.0,51.92,29.46,22.51,,5640.0,88312.0,0.203,,43466822.0,77.39,41.4,16.462,11.133,7894.393,0.1,539.849,7.11,13.5,47.4,,8.8,72.06,0.779,,,,,88312.0,0.203,245158.0,5640.0,152321.0,,,,,,,,,,,,
128498,URY,2021-11-20,South America,Uruguay,397712.0,163.0,187.143,6112.0,2.0,1.571,114116.113,46.77,53.697,1753.726,0.574,0.451,,,,,,,,,,,,,,,,,,,6719939.0,2776031.0,2638669.0,1305239.0,6.0,3627.0,192.82,79.65,75.71,37.45,1041.0,610.0,0.018,,3485152.0,19.751,35.6,14.655,10.361,20551.409,0.1,160.708,6.93,14.0,19.9,,2.8,77.91,0.817,,,,,610.0,0.018,3627.0,1041.0,6.0,,,,,,,,,,,,
129167,USA,2021-11-20,North America,United States,47701872.0,41493.0,92581.286,771013.0,322.0,1124.429,143285.407,124.635,278.093,2315.945,0.967,3.378,,,,,,,,,,,,,,,,,,,449955588.0,229837421.0,194643878.0,34440477.0,3.0,838263.0,133.79,68.34,57.87,10.24,2492.0,261107.0,0.078,,332915074.0,35.608,38.3,15.413,9.732,54225.446,1.2,151.089,10.79,19.1,24.6,,2.77,78.86,0.926,,,,,261107.0,0.078,838263.0,2492.0,3.0,,,,,,,,,,,,
129783,UZB,2021-11-20,Asia,Uzbekistan,191122.0,272.0,237.714,1373.0,3.0,2.714,5631.875,8.015,7.005,40.459,0.088,0.08,,,,,,,,,,,,,,,,,,,,,,,,,,,,,,,,,33935765.0,76.134,28.2,4.469,2.873,6253.104,,724.417,7.57,1.3,24.7,,4.0,71.72,0.72,,,,,,,,,,,,,,,,,,,,,
130408,VAT,2021-11-20,Europe,Vatican,27.0,0.0,0.0,,,0.0,33251.232,0.0,0.0,,,0.0,,,,,,,,,,,,,,,,,,,,,,,,,,,,,,,,,812.0,,,,,,,,,,,,,75.12,,,,,,,,,,,,,,,,,,,,,,
131025,VCT,2021-11-20,North America,Saint Vincent and the Grenadines,5391.0,13.0,17.286,73.0,0.0,0.286,48450.152,116.834,155.351,656.068,0.0,2.568,,,,,,,,,,,,,,,,,,,,,,,,,,,,,,,,,111269.0,281.787,31.8,7.724,4.832,10727.146,,252.675,11.62,,,,2.6,72.53,0.738,,,,,,,,,,,,,,,,,,,,,
131642,VEN,2021-11-20,South America,Venezuela,424441.0,808.0,791.571,5073.0,7.0,7.714,14786.336,28.148,27.576,176.729,0.244,0.269,,,,,,,,,,,,,,,,,,,,,,,,,,,,,,,,,28704947.0,36.253,29.0,6.614,3.915,16745.022,,204.85,6.47,,,,0.8,72.06,0.711,,,,,,,,,,,,,,,,,,,,,
131818,VGB,2021-11-12,North America,British Virgin Islands,,,,,,,,,,,,,,,,,,,,,,,,,,,,,,,34608.0,18137.0,16471.0,,,33.0,113.76,59.62,54.14,,1085.0,14.0,0.046,,30423.0,207.973,,,,,,,13.67,,,,,79.07,,,,,,14.0,0.046,33.0,1085.0,,,,,,,,,,,,,
132486,VNM,2021-11-20,Asia,Vietnam,1084625.0,9531.0,9468.429,23685.0,107.0,95.286,11048.568,97.088,96.45,241.268,1.09,0.971,,,,,,,,,,,,,,,,,,,,,,,,,,,,,,,,,98168829.0,308.127,32.6,7.15,4.718,6171.884,2.0,245.465,6.0,1.0,45.9,85.847,2.6,75.4,0.704,,,,,,,,,,,,,,,,,,,,,
132862,VUT,2021-11-20,Oceania,Vanuatu,6.0,0.0,0.0,1.0,0.0,0.0,19.08,0.0,0.0,3.18,0.0,0.0,,,,,,,,,,,,,,,,,,,,,,,,,,,,,,,,,314464.0,22.662,23.1,4.394,2.62,2921.909,13.2,546.3,12.02,2.8,34.5,25.209,,70.47,0.609,,,,,,,,,,,,,,,,,,,,,
133100,WLF,2021-11-15,Oceania,Wallis and Futuna,,,,,,,,,,,,,,,,,,,,,,,,,,,,,,,11858.0,5988.0,5870.0,,,12.0,106.89,53.98,52.91,,1082.0,3.0,0.027,,11094.0,,,,,,,,,,,,,79.94,,,,,,3.0,0.027,12.0,1082.0,,,,,,,,,,,,,
133468,WSM,2021-11-20,Oceania,Samoa,3.0,0.0,0.0,,,0.0,14.989,0.0,0.0,,,0.0,,,,,,,,,,,,,,,,,,,,,,,,,,,,,,,,,200144.0,69.413,22.0,5.606,3.564,6021.557,,348.977,9.21,16.7,38.1,,,73.32,0.715,,,,,,,,,,,,,,,,,,,,,
134058,YEM,2021-11-20,Asia,Yemen,9955.0,1.0,5.286,1938.0,3.0,2.143,326.494,0.033,0.173,63.56,0.098,0.07,,,,,,,,,,,,,,,,,,,,,,,,,,,,,,,,,30490639.0,53.508,20.3,2.922,1.583,1479.147,18.8,495.003,5.35,7.6,29.2,49.542,0.7,66.12,0.47,,,,,,,,,,,,,,,,,,,,,
134711,ZAF,2021-11-20,Africa,South Africa,2929175.0,887.0,499.714,89572.0,10.0,-24.857,48785.437,14.773,8.323,1491.822,0.167,-0.414,,,,,,,,,,,,,,,,,,,,,,,,,,,,,,,,,60041996.0,46.754,27.3,5.344,3.053,12294.876,18.9,200.38,5.52,8.1,33.2,43.993,2.32,64.13,0.709,,,,,,,,,,,,,,,,,,,,,
135324,ZMB,2021-11-20,Africa,Zambia,210057.0,14.0,12.286,3667.0,0.0,0.429,11101.993,0.74,0.649,193.809,0.0,0.023,,,,,,,,,,,,,,,,,,,,,,,,,,,,,,,,,18920657.0,22.995,17.7,2.48,1.542,3689.251,57.5,234.499,3.94,3.1,24.7,13.938,2.0,63.89,0.584,,,,,,,,,,,,,,,,,,,,,
135935,ZWE,2021-11-20,Africa,Zimbabwe,133615.0,22.0,31.714,4699.0,0.0,0.429,8853.266,1.458,2.101,311.353,0.0,0.028,,,,,,,,,,,,,,,,,,,6396012.0,3651820.0,2744192.0,,33513.0,34377.0,42.38,24.2,18.18,,2278.0,26983.0,0.179,,15092171.0,42.729,19.6,2.822,1.882,1899.775,21.4,307.846,1.82,1.6,30.7,36.791,1.7,61.49,0.571,,,,,26983.0,0.179,34377.0,2278.0,33513.0,,,,,,,,,,,,
